fórmula,composition,MagpieData minimum Number,MagpieData maximum Number,MagpieData range Number,MagpieData mean Number,MagpieData avg_dev Number,MagpieData mode Number,MagpieData minimum MendeleevNumber,MagpieData maximum MendeleevNumber,MagpieData range MendeleevNumber,MagpieData mean MendeleevNumber,MagpieData avg_dev MendeleevNumber,MagpieData mode MendeleevNumber,MagpieData minimum AtomicWeight,MagpieData maximum AtomicWeight,MagpieData range AtomicWeight,MagpieData mean AtomicWeight,MagpieData avg_dev AtomicWeight,MagpieData mode AtomicWeight,MagpieData minimum MeltingT,MagpieData maximum MeltingT,MagpieData range MeltingT,MagpieData mean MeltingT,MagpieData avg_dev MeltingT,MagpieData mode MeltingT,MagpieData minimum Column,MagpieData maximum Column,MagpieData range Column,MagpieData mean Column,MagpieData avg_dev Column,MagpieData mode Column,MagpieData minimum Row,MagpieData maximum Row,MagpieData range Row,MagpieData mean Row,MagpieData avg_dev Row,MagpieData mode Row,MagpieData minimum CovalentRadius,MagpieData maximum CovalentRadius,MagpieData range CovalentRadius,MagpieData mean CovalentRadius,MagpieData avg_dev CovalentRadius,MagpieData mode CovalentRadius,MagpieData minimum Electronegativity,MagpieData maximum Electronegativity,MagpieData range Electronegativity,MagpieData mean Electronegativity,MagpieData avg_dev Electronegativity,MagpieData mode Electronegativity,MagpieData minimum NsValence,MagpieData maximum NsValence,MagpieData range NsValence,MagpieData mean NsValence,MagpieData avg_dev NsValence,MagpieData mode NsValence,MagpieData minimum NpValence,MagpieData maximum NpValence,MagpieData range NpValence,MagpieData mean NpValence,MagpieData avg_dev NpValence,MagpieData mode NpValence,MagpieData minimum NdValence,MagpieData maximum NdValence,MagpieData range NdValence,MagpieData mean NdValence,MagpieData avg_dev NdValence,MagpieData mode NdValence,MagpieData minimum NfValence,MagpieData maximum NfValence,MagpieData range NfValence,MagpieData mean NfValence,MagpieData avg_dev NfValence,MagpieData mode NfValence,MagpieData minimum NValence,MagpieData maximum NValence,MagpieData range NValence,MagpieData mean NValence,MagpieData avg_dev NValence,MagpieData mode NValence,MagpieData minimum NsUnfilled,MagpieData maximum NsUnfilled,MagpieData range NsUnfilled,MagpieData mean NsUnfilled,MagpieData avg_dev NsUnfilled,MagpieData mode NsUnfilled,MagpieData minimum NpUnfilled,MagpieData maximum NpUnfilled,MagpieData range NpUnfilled,MagpieData mean NpUnfilled,MagpieData avg_dev NpUnfilled,MagpieData mode NpUnfilled,MagpieData minimum NdUnfilled,MagpieData maximum NdUnfilled,MagpieData range NdUnfilled,MagpieData mean NdUnfilled,MagpieData avg_dev NdUnfilled,MagpieData mode NdUnfilled,MagpieData minimum NfUnfilled,MagpieData maximum NfUnfilled,MagpieData range NfUnfilled,MagpieData mean NfUnfilled,MagpieData avg_dev NfUnfilled,MagpieData mode NfUnfilled,MagpieData minimum NUnfilled,MagpieData maximum NUnfilled,MagpieData range NUnfilled,MagpieData mean NUnfilled,MagpieData avg_dev NUnfilled,MagpieData mode NUnfilled,MagpieData minimum GSvolume_pa,MagpieData maximum GSvolume_pa,MagpieData range GSvolume_pa,MagpieData mean GSvolume_pa,MagpieData avg_dev GSvolume_pa,MagpieData mode GSvolume_pa,MagpieData minimum GSbandgap,MagpieData maximum GSbandgap,MagpieData range GSbandgap,MagpieData mean GSbandgap,MagpieData avg_dev GSbandgap,MagpieData mode GSbandgap,MagpieData minimum GSmagmom,MagpieData maximum GSmagmom,MagpieData range GSmagmom,MagpieData mean GSmagmom,MagpieData avg_dev GSmagmom,MagpieData mode GSmagmom,MagpieData minimum SpaceGroupNumber,MagpieData maximum SpaceGroupNumber,MagpieData range SpaceGroupNumber,MagpieData mean SpaceGroupNumber,MagpieData avg_dev SpaceGroupNumber,MagpieData mode SpaceGroupNumber
Ni,Ni1,28.0,28.0,0.0,28.0,0.0,28.0,61.0,61.0,0.0,61.0,0.0,61.0,58.6934,58.6934,0.0,58.6934,0.0,58.6934,1728.0,1728.0,0.0,1728.0,0.0,1728.0,10.0,10.0,0.0,10.0,0.0,10.0,4.0,4.0,0.0,4.0,0.0,4.0,124.0,124.0,0.0,124.0,0.0,124.0,1.91,1.91,0.0,1.91,0.0,1.91,2.0,2.0,0.0,2.0,0.0,2.0,0.0,0.0,0.0,0.0,0.0,0.0,8.0,8.0,0.0,8.0,0.0,8.0,0.0,0.0,0.0,0.0,0.0,0.0,10.0,10.0,0.0,10.0,0.0,10.0,0.0,0.0,0.0,0.0,0.0,0.0,0.0,0.0,0.0,0.0,0.0,0.0,2.0,2.0,0.0,2.0,0.0,2.0,0.0,0.0,0.0,0.0,0.0,0.0,2.0,2.0,0.0,2.0,0.0,2.0,10.32,10.32,0.0,10.32,0.0,10.32,0.0,0.0,0.0,0.0,0.0,0.0,0.5953947,0.5953947,0.0,0.5953947,0.0,0.5953947,225.0,225.0,0.0,225.0,0.0,225.0
Ni0.99Y0.01,Ni0.99 Y0.01,28.0,39.0,11.0,28.11,0.21779999999999944,28.0,12.0,61.0,49.0,60.51,0.970200000000002,61.0,58.6934,88.90585,30.212450000000004,58.995524499999995,0.598206509999998,58.6934,1728.0,1799.0,71.0,1728.71,1.4058000000000357,1728.0,3.0,10.0,7.0,9.93,0.13860000000000028,10.0,4.0,5.0,1.0,4.01,0.01979999999999979,4.0,124.0,190.0,66.0,124.66000000000001,1.3068000000000106,124.0,1.22,1.91,0.69,1.9030999999999998,0.013662000000000125,1.91,2.0,2.0,0.0,2.0,0.0,2.0,0.0,0.0,0.0,0.0,0.0,0.0,1.0,8.0,7.0,7.93,0.13860000000000028,8.0,0.0,0.0,0.0,0.0,0.0,0.0,3.0,10.0,7.0,9.93,0.13860000000000028,10.0,0.0,0.0,0.0,0.0,0.0,0.0,0.0,0.0,0.0,0.0,0.0,0.0,2.0,9.0,7.0,2.07,0.13859999999999983,2.0,0.0,0.0,0.0,0.0,0.0,0.0,2.0,9.0,7.0,2.07,0.13859999999999983,2.0,10.32,32.365,22.045,10.540450000000002,0.4364910000000014,10.32,0.0,0.0,0.0,0.0,0.0,0.0,0.0,0.5953947,0.5953947,0.5894407530000001,0.011788815059999961,0.5953947,194.0,225.0,31.0,224.69,0.6138000000000022,225.0
Ni0.98Y0.02,Ni0.98 Y0.02,28.0,39.0,11.0,28.22,0.4311999999999989,28.0,12.0,61.0,49.0,60.02,1.920799999999997,61.0,58.6934,88.90585,30.212450000000004,59.297649,1.184328040000003,58.6934,1728.0,1799.0,71.0,1729.42,2.78320000000007,1728.0,3.0,10.0,7.0,9.860000000000001,0.27439999999999887,10.0,4.0,5.0,1.0,4.02,0.039199999999999596,4.0,124.0,190.0,66.0,125.32,2.587199999999993,124.0,1.22,1.91,0.69,1.8961999999999999,0.02704800000000003,1.91,2.0,2.0,0.0,2.0,0.0,2.0,0.0,0.0,0.0,0.0,0.0,0.0,1.0,8.0,7.0,7.859999999999999,0.27440000000000053,8.0,0.0,0.0,0.0,0.0,0.0,0.0,3.0,10.0,7.0,9.860000000000001,0.27439999999999887,10.0,0.0,0.0,0.0,0.0,0.0,0.0,0.0,0.0,0.0,0.0,0.0,0.0,2.0,9.0,7.0,2.14,0.2744000000000001,2.0,0.0,0.0,0.0,0.0,0.0,0.0,2.0,9.0,7.0,2.14,0.2744000000000001,2.0,10.32,32.365,22.045,10.7609,0.8641639999999993,10.32,0.0,0.0,0.0,0.0,0.0,0.0,0.0,0.5953947,0.5953947,0.583486806,0.02333947224000003,0.5953947,194.0,225.0,31.0,224.38,1.2152000000000043,225.0
Ni0.97Y0.03,Ni0.97 Y0.03,28.0,39.0,11.0,28.33,0.6401999999999983,28.0,12.0,61.0,49.0,59.53,2.851799999999999,61.0,58.6934,88.90585,30.212450000000004,59.5997735,1.758364590000001,58.6934,1728.0,1799.0,71.0,1730.1299999999999,4.132199999999889,1728.0,3.0,10.0,7.0,9.79,0.40740000000000076,10.0,4.0,5.0,1.0,4.03,0.05820000000000023,4.0,124.0,190.0,66.0,125.98,3.8412000000000037,124.0,1.22,1.91,0.69,1.8892999999999998,0.04015800000000015,1.91,2.0,2.0,0.0,2.0,0.0,2.0,0.0,0.0,0.0,0.0,0.0,0.0,1.0,8.0,7.0,7.79,0.4074,8.0,0.0,0.0,0.0,0.0,0.0,0.0,3.0,10.0,7.0,9.79,0.40740000000000076,10.0,0.0,0.0,0.0,0.0,0.0,0.0,0.0,0.0,0.0,0.0,0.0,0.0,2.0,9.0,7.0,2.21,0.4074,2.0,0.0,0.0,0.0,0.0,0.0,0.0,2.0,9.0,7.0,2.21,0.4074,2.0,10.32,32.365,22.045,10.98135,1.2830190000000006,10.32,0.0,0.0,0.0,0.0,0.0,0.0,0.0,0.5953947,0.5953947,0.5775328590000001,0.03465197153999999,0.5953947,194.0,225.0,31.0,224.07,1.8042000000000065,225.0
Ni0.96Y0.04,Ni0.96 Y0.04,28.0,39.0,11.0,28.439999999999998,0.8447999999999979,28.0,12.0,61.0,49.0,59.03999999999999,3.7632000000000074,61.0,58.6934,88.90585,30.212450000000004,59.90189799999999,2.3203161599999924,58.6934,1728.0,1799.0,71.0,1730.84,5.452799999999925,1728.0,3.0,10.0,7.0,9.719999999999999,0.5376000000000011,10.0,4.0,5.0,1.0,4.04,0.07680000000000003,4.0,124.0,190.0,66.0,126.63999999999999,5.068799999999987,124.0,1.22,1.91,0.69,1.8823999999999999,0.05299200000000006,1.91,2.0,2.0,0.0,2.0,0.0,2.0,0.0,0.0,0.0,0.0,0.0,0.0,1.0,8.0,7.0,7.72,0.5376000000000002,8.0,0.0,0.0,0.0,0.0,0.0,0.0,3.0,10.0,7.0,9.719999999999999,0.5376000000000011,10.0,0.0,0.0,0.0,0.0,0.0,0.0,0.0,0.0,0.0,0.0,0.0,0.0,2.0,9.0,7.0,2.28,0.5375999999999999,2.0,0.0,0.0,0.0,0.0,0.0,0.0,2.0,9.0,7.0,2.28,0.5375999999999999,2.0,10.32,32.365,22.045,11.2018,1.6930560000000003,10.32,0.0,0.0,0.0,0.0,0.0,0.0,0.0,0.5953947,0.5953947,0.571578912,0.04572631296000006,0.5953947,194.0,225.0,31.0,223.76,2.3808000000000087,225.0
Ni0.95Y0.05,Ni0.95 Y0.05,28.0,39.0,11.0,28.549999999999997,1.0449999999999975,28.0,12.0,61.0,49.0,58.55,4.655000000000003,61.0,58.6934,88.90585,30.212450000000004,60.204022499999994,2.870182749999997,58.6934,1728.0,1799.0,71.0,1731.55,6.744999999999958,1728.0,3.0,10.0,7.0,9.65,0.6649999999999996,10.0,4.0,5.0,1.0,4.05,0.09499999999999983,4.0,124.0,190.0,66.0,127.3,6.269999999999998,124.0,1.22,1.91,0.69,1.8754999999999997,0.06555000000000018,1.91,2.0,2.0,0.0,2.0,0.0,2.0,0.0,0.0,0.0,0.0,0.0,0.0,1.0,8.0,7.0,7.6499999999999995,0.6650000000000005,8.0,0.0,0.0,0.0,0.0,0.0,0.0,3.0,10.0,7.0,9.65,0.6649999999999996,10.0,0.0,0.0,0.0,0.0,0.0,0.0,0.0,0.0,0.0,0.0,0.0,0.0,2.0,9.0,7.0,2.35,0.665,2.0,0.0,0.0,0.0,0.0,0.0,0.0,2.0,9.0,7.0,2.35,0.665,2.0,10.32,32.365,22.045,11.42225,2.0942749999999997,10.32,0.0,0.0,0.0,0.0,0.0,0.0,0.0,0.5953947,0.5953947,0.565624965,0.05656249650000002,0.5953947,194.0,225.0,31.0,223.45,2.94500000000001,225.0
Ni0.94Y0.06,Ni0.94 Y0.06,28.0,39.0,11.0,28.66,1.2408000000000001,28.0,12.0,61.0,49.0,58.059999999999995,5.527200000000004,61.0,58.6934,88.90585,30.212450000000004,60.50614699999999,3.4079643599999954,58.6934,1728.0,1799.0,71.0,1732.26,8.008799999999992,1728.0,3.0,10.0,7.0,9.579999999999998,0.7896000000000014,10.0,4.0,5.0,1.0,4.06,0.11279999999999965,4.0,124.0,190.0,66.0,127.96,7.444799999999994,124.0,1.22,1.91,0.69,1.8685999999999998,0.0778320000000001,1.91,2.0,2.0,0.0,2.0,0.0,2.0,0.0,0.0,0.0,0.0,0.0,0.0,1.0,8.0,7.0,7.579999999999999,0.7896000000000007,8.0,0.0,0.0,0.0,0.0,0.0,0.0,3.0,10.0,7.0,9.579999999999998,0.7896000000000014,10.0,0.0,0.0,0.0,0.0,0.0,0.0,0.0,0.0,0.0,0.0,0.0,0.0,2.0,9.0,7.0,2.42,0.7895999999999999,2.0,0.0,0.0,0.0,0.0,0.0,0.0,2.0,9.0,7.0,2.42,0.7895999999999999,2.0,10.32,32.365,22.045,11.6427,2.4866759999999997,10.32,0.0,0.0,0.0,0.0,0.0,0.0,0.0,0.5953947,0.5953947,0.559671018,0.06716052216000008,0.5953947,194.0,225.0,31.0,223.14,3.496800000000012,225.0
Ni0.93Y0.07,Ni0.93 Y0.07,28.0,39.0,11.0,28.770000000000003,1.4322000000000028,28.0,12.0,61.0,49.0,57.57000000000001,6.379799999999994,61.0,58.6934,88.90585,30.212450000000004,60.808271500000004,3.933660990000006,58.6934,1728.0,1799.0,71.0,1732.9700000000003,9.24420000000022,1728.0,3.0,10.0,7.0,9.510000000000002,0.9113999999999987,10.0,4.0,5.0,1.0,4.07,0.13020000000000026,4.0,124.0,190.0,66.0,128.62,8.593200000000003,124.0,1.22,1.91,0.69,1.8617,0.08983800000000002,1.91,2.0,2.0,0.0,2.0,0.0,2.0,0.0,0.0,0.0,0.0,0.0,0.0,1.0,8.0,7.0,7.510000000000001,0.9113999999999995,8.0,0.0,0.0,0.0,0.0,0.0,0.0,3.0,10.0,7.0,9.510000000000002,0.9113999999999987,10.0,0.0,0.0,0.0,0.0,0.0,0.0,0.0,0.0,0.0,0.0,0.0,0.0,2.0,9.0,7.0,2.49,0.9114000000000002,2.0,0.0,0.0,0.0,0.0,0.0,0.0,2.0,9.0,7.0,2.49,0.9114000000000002,2.0,10.32,32.365,22.045,11.863150000000001,2.870259000000001,10.32,0.0,0.0,0.0,0.0,0.0,0.0,0.0,0.5953947,0.5953947,0.5537170710000001,0.07752038993999996,0.5953947,194.0,225.0,31.0,222.83,4.036199999999989,225.0
Ni0.92Y0.08,Ni0.92 Y0.08,28.0,39.0,11.0,28.880000000000003,1.6192000000000022,28.0,12.0,61.0,49.0,57.080000000000005,7.212799999999996,61.0,58.6934,88.90585,30.212450000000004,61.110396,4.447272640000005,58.6934,1728.0,1799.0,71.0,1733.68,10.451200000000053,1728.0,3.0,10.0,7.0,9.440000000000001,1.0303999999999989,10.0,4.0,5.0,1.0,4.08,0.14720000000000005,4.0,124.0,190.0,66.0,129.28,9.715200000000001,124.0,1.22,1.91,0.69,1.8548,0.10156799999999994,1.91,2.0,2.0,0.0,2.0,0.0,2.0,0.0,0.0,0.0,0.0,0.0,0.0,1.0,8.0,7.0,7.44,1.0303999999999998,8.0,0.0,0.0,0.0,0.0,0.0,0.0,3.0,10.0,7.0,9.440000000000001,1.0303999999999989,10.0,0.0,0.0,0.0,0.0,0.0,0.0,0.0,0.0,0.0,0.0,0.0,0.0,2.0,9.0,7.0,2.56,1.0304000000000002,2.0,0.0,0.0,0.0,0.0,0.0,0.0,2.0,9.0,7.0,2.56,1.0304000000000002,2.0,10.32,32.365,22.045,12.0836,3.245024000000001,10.32,0.0,0.0,0.0,0.0,0.0,0.0,0.0,0.5953947,0.5953947,0.547763124,0.08764209984000002,0.5953947,194.0,225.0,31.0,222.52,4.563199999999991,225.0
Ni0.91Y0.09,Ni0.91 Y0.09,28.0,39.0,11.0,28.990000000000002,1.8018000000000016,28.0,12.0,61.0,49.0,56.59,8.026199999999998,61.0,58.6934,88.90585,30.212450000000004,61.4125205,4.948799310000002,58.6934,1728.0,1799.0,71.0,1734.39,11.629800000000081,1728.0,3.0,10.0,7.0,9.37,1.1466000000000007,10.0,4.0,5.0,1.0,4.09,0.1637999999999999,4.0,124.0,190.0,66.0,129.94,10.810799999999999,124.0,1.22,1.91,0.69,1.8478999999999999,0.11302200000000004,1.91,2.0,2.0,0.0,2.0,0.0,2.0,0.0,0.0,0.0,0.0,0.0,0.0,1.0,8.0,7.0,7.37,1.1465999999999998,8.0,0.0,0.0,0.0,0.0,0.0,0.0,3.0,10.0,7.0,9.37,1.1466000000000007,10.0,0.0,0.0,0.0,0.0,0.0,0.0,0.0,0.0,0.0,0.0,0.0,0.0,2.0,9.0,7.0,2.63,1.1465999999999998,2.0,0.0,0.0,0.0,0.0,0.0,0.0,2.0,9.0,7.0,2.63,1.1465999999999998,2.0,10.32,32.365,22.045,12.304050000000002,3.6109710000000015,10.32,0.0,0.0,0.0,0.0,0.0,0.0,0.0,0.5953947,0.5953947,0.5418091770000001,0.09752565185999998,0.5953947,194.0,225.0,31.0,222.21,5.077799999999994,225.0
Ni0.90Y0.10,Ni0.9 Y0.1,28.0,39.0,11.0,29.1,1.9800000000000013,28.0,12.0,61.0,49.0,56.1,8.82,61.0,58.6934,88.90585,30.212450000000004,61.714645,5.438241000000001,58.6934,1728.0,1799.0,71.0,1735.1000000000001,12.78000000000011,1728.0,3.0,10.0,7.0,9.3,1.2599999999999993,10.0,4.0,5.0,1.0,4.1,0.17999999999999972,4.0,124.0,190.0,66.0,130.60000000000002,11.880000000000019,124.0,1.22,1.91,0.69,1.8409999999999997,0.12420000000000014,1.91,2.0,2.0,0.0,2.0,0.0,2.0,0.0,0.0,0.0,0.0,0.0,0.0,1.0,8.0,7.0,7.3,1.2600000000000002,8.0,0.0,0.0,0.0,0.0,0.0,0.0,3.0,10.0,7.0,9.3,1.2599999999999993,10.0,0.0,0.0,0.0,0.0,0.0,0.0,0.0,0.0,0.0,0.0,0.0,0.0,2.0,9.0,7.0,2.7,1.2600000000000002,2.0,0.0,0.0,0.0,0.0,0.0,0.0,2.0,9.0,7.0,2.7,1.2600000000000002,2.0,10.32,32.365,22.045,12.5245,3.9680999999999997,10.32,0.0,0.0,0.0,0.0,0.0,0.0,0.0,0.5953947,0.5953947,0.53585523,0.10717104600000005,0.5953947,194.0,225.0,31.0,221.9,5.5799999999999965,225.0
Ni0.89Y0.11,Ni0.89 Y0.11,28.0,39.0,11.0,29.21,2.153800000000001,28.0,12.0,61.0,49.0,55.61,9.5942,61.0,58.6934,88.90585,30.212450000000004,62.016769499999995,5.915597709999999,58.6934,1728.0,1799.0,71.0,1735.8100000000002,13.901800000000135,1728.0,3.0,10.0,7.0,9.23,1.3705999999999996,10.0,4.0,5.0,1.0,4.11,0.19580000000000025,4.0,124.0,190.0,66.0,131.26,12.922799999999993,124.0,1.22,1.91,0.69,1.8340999999999998,0.13510200000000006,1.91,2.0,2.0,0.0,2.0,0.0,2.0,0.0,0.0,0.0,0.0,0.0,0.0,1.0,8.0,7.0,7.23,1.3705999999999996,8.0,0.0,0.0,0.0,0.0,0.0,0.0,3.0,10.0,7.0,9.23,1.3705999999999996,10.0,0.0,0.0,0.0,0.0,0.0,0.0,0.0,0.0,0.0,0.0,0.0,0.0,2.0,9.0,7.0,2.77,1.3706,2.0,0.0,0.0,0.0,0.0,0.0,0.0,2.0,9.0,7.0,2.77,1.3706,2.0,10.32,32.365,22.045,12.744950000000001,4.316411,10.32,0.0,0.0,0.0,0.0,0.0,0.0,0.0,0.5953947,0.5953947,0.5299012830000001,0.11657828226,0.5953947,194.0,225.0,31.0,221.59,6.069799999999997,225.0
Ni0.88Y0.12,Ni0.88 Y0.12,28.0,39.0,11.0,29.32,2.3232,28.0,12.0,61.0,49.0,55.12,10.3488,61.0,58.6934,88.90585,30.212450000000004,62.318894,6.380869440000003,58.6934,1728.0,1799.0,71.0,1736.52,14.995199999999986,1728.0,3.0,10.0,7.0,9.16,1.4783999999999997,10.0,4.0,5.0,1.0,4.12,0.21120000000000008,4.0,124.0,190.0,66.0,131.92000000000002,13.939200000000012,124.0,1.22,1.91,0.69,1.8272,0.14572799999999997,1.91,2.0,2.0,0.0,2.0,0.0,2.0,0.0,0.0,0.0,0.0,0.0,0.0,1.0,8.0,7.0,7.16,1.4783999999999997,8.0,0.0,0.0,0.0,0.0,0.0,0.0,3.0,10.0,7.0,9.16,1.4783999999999997,10.0,0.0,0.0,0.0,0.0,0.0,0.0,0.0,0.0,0.0,0.0,0.0,0.0,2.0,9.0,7.0,2.84,1.4783999999999997,2.0,0.0,0.0,0.0,0.0,0.0,0.0,2.0,9.0,7.0,2.84,1.4783999999999997,2.0,10.32,32.365,22.045,12.965399999999999,4.655904,10.32,0.0,0.0,0.0,0.0,0.0,0.0,0.0,0.5953947,0.5953947,0.5239473360000001,0.12574736063999997,0.5953947,194.0,225.0,31.0,221.28,6.547199999999999,225.0
Ni0.87Y0.13,Ni0.87 Y0.13,28.0,39.0,11.0,29.43,2.4882,28.0,12.0,61.0,49.0,54.63,11.083799999999998,61.0,58.6934,88.90585,30.212450000000004,62.6210185,6.834056190000002,58.6934,1728.0,1799.0,71.0,1737.23,16.060200000000012,1728.0,3.0,10.0,7.0,9.09,1.5834000000000001,10.0,4.0,5.0,1.0,4.13,0.22619999999999993,4.0,124.0,190.0,66.0,132.57999999999998,14.929199999999987,124.0,1.22,1.91,0.69,1.8203,0.1560779999999999,1.91,2.0,2.0,0.0,2.0,0.0,2.0,0.0,0.0,0.0,0.0,0.0,0.0,1.0,8.0,7.0,7.09,1.5834000000000001,8.0,0.0,0.0,0.0,0.0,0.0,0.0,3.0,10.0,7.0,9.09,1.5834000000000001,10.0,0.0,0.0,0.0,0.0,0.0,0.0,0.0,0.0,0.0,0.0,0.0,0.0,2.0,9.0,7.0,2.91,1.5834000000000001,2.0,0.0,0.0,0.0,0.0,0.0,0.0,2.0,9.0,7.0,2.91,1.5834000000000001,2.0,10.32,32.365,22.045,13.185850000000002,4.986579000000002,10.32,0.0,0.0,0.0,0.0,0.0,0.0,0.0,0.5953947,0.5953947,0.517993389,0.13467828114000002,0.5953947,194.0,225.0,31.0,220.97,7.012200000000001,225.0
Ni0.86Y0.14,Ni0.86 Y0.14,28.0,39.0,11.0,29.54,2.6487999999999996,28.0,12.0,61.0,49.0,54.14,11.799199999999999,61.0,58.6934,88.90585,30.212450000000004,62.923142999999996,7.2751579600000005,58.6934,1728.0,1799.0,71.0,1737.94,17.09680000000004,1728.0,3.0,10.0,7.0,9.02,1.6856000000000004,10.0,4.0,5.0,1.0,4.14,0.2407999999999998,4.0,124.0,190.0,66.0,133.24,15.892800000000008,124.0,1.22,1.91,0.69,1.8134,0.16615200000000002,1.91,2.0,2.0,0.0,2.0,0.0,2.0,0.0,0.0,0.0,0.0,0.0,0.0,1.0,8.0,7.0,7.02,1.6856000000000004,8.0,0.0,0.0,0.0,0.0,0.0,0.0,3.0,10.0,7.0,9.02,1.6856000000000004,10.0,0.0,0.0,0.0,0.0,0.0,0.0,0.0,0.0,0.0,0.0,0.0,0.0,2.0,9.0,7.0,2.9800000000000004,1.6856000000000004,2.0,0.0,0.0,0.0,0.0,0.0,0.0,2.0,9.0,7.0,2.9800000000000004,1.6856000000000004,2.0,10.32,32.365,22.045,13.4063,5.308436,10.32,0.0,0.0,0.0,0.0,0.0,0.0,0.0,0.5953947,0.5953947,0.5120394420000001,0.14337104376,0.5953947,194.0,225.0,31.0,220.66,7.464800000000002,225.0
Ni0.85Y0.15,Ni0.85 Y0.15,28.0,39.0,11.0,29.65,2.804999999999999,28.0,12.0,61.0,49.0,53.65,12.495000000000001,61.0,58.6934,88.90585,30.212450000000004,63.2252675,7.7041747500000035,58.6934,1728.0,1799.0,71.0,1738.6499999999999,18.104999999999905,1728.0,3.0,10.0,7.0,8.95,1.7850000000000006,10.0,4.0,5.0,1.0,4.15,0.2550000000000002,4.0,124.0,190.0,66.0,133.89999999999998,16.829999999999984,124.0,1.22,1.91,0.69,1.8065,0.17594999999999994,1.91,2.0,2.0,0.0,2.0,0.0,2.0,0.0,0.0,0.0,0.0,0.0,0.0,1.0,8.0,7.0,6.95,1.7849999999999997,8.0,0.0,0.0,0.0,0.0,0.0,0.0,3.0,10.0,7.0,8.95,1.7850000000000006,10.0,0.0,0.0,0.0,0.0,0.0,0.0,0.0,0.0,0.0,0.0,0.0,0.0,2.0,9.0,7.0,3.05,1.7849999999999997,2.0,0.0,0.0,0.0,0.0,0.0,0.0,2.0,9.0,7.0,3.05,1.7849999999999997,2.0,10.32,32.365,22.045,13.626750000000001,5.621475,10.32,0.0,0.0,0.0,0.0,0.0,0.0,0.0,0.5953947,0.5953947,0.506085495,0.15182564850000005,0.5953947,194.0,225.0,31.0,220.35,7.905000000000003,225.0
Ni0.84Y0.16,Ni0.84 Y0.16,28.0,39.0,11.0,29.759999999999998,2.9567999999999985,28.0,12.0,61.0,49.0,53.16,13.171200000000002,61.0,58.6934,88.90585,30.212450000000004,63.52739199999999,8.121106559999998,58.6934,1728.0,1799.0,71.0,1739.3600000000001,19.084800000000087,1728.0,3.0,10.0,7.0,8.88,1.8815999999999995,10.0,4.0,5.0,1.0,4.16,0.2688000000000001,4.0,124.0,190.0,66.0,134.56,17.7408,124.0,1.22,1.91,0.69,1.7995999999999999,0.18547200000000003,1.91,2.0,2.0,0.0,2.0,0.0,2.0,0.0,0.0,0.0,0.0,0.0,0.0,1.0,8.0,7.0,6.88,1.8816000000000002,8.0,0.0,0.0,0.0,0.0,0.0,0.0,3.0,10.0,7.0,8.88,1.8815999999999995,10.0,0.0,0.0,0.0,0.0,0.0,0.0,0.0,0.0,0.0,0.0,0.0,0.0,2.0,9.0,7.0,3.12,1.8816000000000002,2.0,0.0,0.0,0.0,0.0,0.0,0.0,2.0,9.0,7.0,3.12,1.8816000000000002,2.0,10.32,32.365,22.045,13.8472,5.925696,10.32,0.0,0.0,0.0,0.0,0.0,0.0,0.0,0.5953947,0.5953947,0.500131548,0.16004209536000003,0.5953947,194.0,225.0,31.0,220.04,8.332800000000006,225.0
Ni0.83Y0.17,Ni0.83 Y0.17,28.0,39.0,11.0,29.869999999999997,3.1041999999999983,28.0,12.0,61.0,49.0,52.669999999999995,13.827800000000003,61.0,58.6934,88.90585,30.212450000000004,63.8295165,8.525953390000002,58.6934,1728.0,1799.0,71.0,1740.0700000000002,20.036200000000107,1728.0,3.0,10.0,7.0,8.809999999999999,1.975400000000001,10.0,4.0,5.0,1.0,4.17,0.2822,4.0,124.0,190.0,66.0,135.22,18.6252,124.0,1.22,1.91,0.69,1.7927,0.19471799999999995,1.91,2.0,2.0,0.0,2.0,0.0,2.0,0.0,0.0,0.0,0.0,0.0,0.0,1.0,8.0,7.0,6.81,1.9754000000000003,8.0,0.0,0.0,0.0,0.0,0.0,0.0,3.0,10.0,7.0,8.809999999999999,1.975400000000001,10.0,0.0,0.0,0.0,0.0,0.0,0.0,0.0,0.0,0.0,0.0,0.0,0.0,2.0,9.0,7.0,3.19,1.9754,2.0,0.0,0.0,0.0,0.0,0.0,0.0,2.0,9.0,7.0,3.19,1.9754,2.0,10.32,32.365,22.045,14.06765,6.221099000000001,10.32,0.0,0.0,0.0,0.0,0.0,0.0,0.0,0.5953947,0.5953947,0.494177601,0.16802038434000005,0.5953947,194.0,225.0,31.0,219.73000000000002,8.748199999999986,225.0
Ni0.82Y0.18,Ni0.82 Y0.18,28.0,39.0,11.0,29.979999999999997,3.2471999999999976,28.0,12.0,61.0,49.0,52.17999999999999,14.464800000000004,61.0,58.6934,88.90585,30.212450000000004,64.131641,8.918715240000004,58.6934,1728.0,1799.0,71.0,1740.7799999999997,20.959199999999836,1728.0,3.0,10.0,7.0,8.739999999999998,2.0664000000000007,10.0,4.0,5.0,1.0,4.18,0.2951999999999998,4.0,124.0,190.0,66.0,135.88,19.483199999999997,124.0,1.22,1.91,0.69,1.7857999999999998,0.20368800000000004,1.91,2.0,2.0,0.0,2.0,0.0,2.0,0.0,0.0,0.0,0.0,0.0,0.0,1.0,8.0,7.0,6.739999999999999,2.0664000000000007,8.0,0.0,0.0,0.0,0.0,0.0,0.0,3.0,10.0,7.0,8.739999999999998,2.0664000000000007,10.0,0.0,0.0,0.0,0.0,0.0,0.0,0.0,0.0,0.0,0.0,0.0,0.0,2.0,9.0,7.0,3.26,2.0664,2.0,0.0,0.0,0.0,0.0,0.0,0.0,2.0,9.0,7.0,3.26,2.0664,2.0,10.32,32.365,22.045,14.2881,6.507683999999999,10.32,0.0,0.0,0.0,0.0,0.0,0.0,0.0,0.5953947,0.5953947,0.488223654,0.17576051544000004,0.5953947,194.0,225.0,31.0,219.42000000000002,9.151199999999989,225.0
Ni0.81Y0.19,Ni0.81 Y0.19,28.0,39.0,11.0,30.09,3.3858,28.0,12.0,61.0,49.0,51.690000000000005,15.082199999999997,61.0,58.6934,88.90585,30.212450000000004,64.43376549999999,9.29939211,58.6934,1728.0,1799.0,71.0,1741.49,21.853800000000007,1728.0,3.0,10.0,7.0,8.670000000000002,2.154599999999999,10.0,4.0,5.0,1.0,4.19,0.30780000000000024,4.0,124.0,190.0,66.0,136.54000000000002,20.314800000000012,124.0,1.22,1.91,0.69,1.7789000000000001,0.21238199999999985,1.91,2.0,2.0,0.0,2.0,0.0,2.0,0.0,0.0,0.0,0.0,0.0,0.0,1.0,8.0,7.0,6.670000000000001,2.1545999999999994,8.0,0.0,0.0,0.0,0.0,0.0,0.0,3.0,10.0,7.0,8.670000000000002,2.154599999999999,10.0,0.0,0.0,0.0,0.0,0.0,0.0,0.0,0.0,0.0,0.0,0.0,0.0,2.0,9.0,7.0,3.33,2.1546000000000003,2.0,0.0,0.0,0.0,0.0,0.0,0.0,2.0,9.0,7.0,3.33,2.1546000000000003,2.0,10.32,32.365,22.045,14.508550000000001,6.785451000000002,10.32,0.0,0.0,0.0,0.0,0.0,0.0,0.0,0.5953947,0.5953947,0.4822697070000001,0.18326248866,0.5953947,194.0,225.0,31.0,219.11,9.541799999999991,225.0
Ni0.80Y0.20,Ni0.8 Y0.2,28.0,39.0,11.0,30.200000000000003,3.5200000000000022,28.0,12.0,61.0,49.0,51.2,15.68,61.0,58.6934,88.90585,30.212450000000004,64.73589,9.667984000000002,58.6934,1728.0,1799.0,71.0,1742.2,22.720000000000027,1728.0,3.0,10.0,7.0,8.6,2.24,10.0,4.0,5.0,1.0,4.2,0.3200000000000001,4.0,124.0,190.0,66.0,137.2,21.119999999999994,124.0,1.22,1.91,0.69,1.772,0.22079999999999994,1.91,2.0,2.0,0.0,2.0,0.0,2.0,0.0,0.0,0.0,0.0,0.0,0.0,1.0,8.0,7.0,6.6000000000000005,2.2399999999999998,8.0,0.0,0.0,0.0,0.0,0.0,0.0,3.0,10.0,7.0,8.6,2.24,10.0,0.0,0.0,0.0,0.0,0.0,0.0,0.0,0.0,0.0,0.0,0.0,0.0,2.0,9.0,7.0,3.4000000000000004,2.24,2.0,0.0,0.0,0.0,0.0,0.0,0.0,2.0,9.0,7.0,3.4000000000000004,2.24,2.0,10.32,32.365,22.045,14.729000000000001,7.054400000000001,10.32,0.0,0.0,0.0,0.0,0.0,0.0,0.0,0.5953947,0.5953947,0.4763157600000001,0.19052630399999998,0.5953947,194.0,225.0,31.0,218.8,9.919999999999995,225.0
Ni0.79Y0.21,Ni0.79 Y0.21,28.0,39.0,11.0,30.310000000000002,3.6498000000000017,28.0,12.0,61.0,49.0,50.71000000000001,16.258199999999995,61.0,58.6934,88.90585,30.212450000000004,65.0380145,10.024490910000004,58.6934,1728.0,1799.0,71.0,1742.91,23.55780000000005,1728.0,3.0,10.0,7.0,8.530000000000001,2.3225999999999996,10.0,4.0,5.0,1.0,4.21,0.3318,4.0,124.0,190.0,66.0,137.86,21.89880000000001,124.0,1.22,1.91,0.69,1.7651,0.228942,1.91,2.0,2.0,0.0,2.0,0.0,2.0,0.0,0.0,0.0,0.0,0.0,0.0,1.0,8.0,7.0,6.53,2.3225999999999996,8.0,0.0,0.0,0.0,0.0,0.0,0.0,3.0,10.0,7.0,8.530000000000001,2.3225999999999996,10.0,0.0,0.0,0.0,0.0,0.0,0.0,0.0,0.0,0.0,0.0,0.0,0.0,2.0,9.0,7.0,3.4699999999999998,2.3225999999999996,2.0,0.0,0.0,0.0,0.0,0.0,0.0,2.0,9.0,7.0,3.4699999999999998,2.3225999999999996,2.0,10.32,32.365,22.045,14.949450000000002,7.3145310000000014,10.32,0.0,0.0,0.0,0.0,0.0,0.0,0.0,0.5953947,0.5953947,0.4703618130000001,0.19755196146,0.5953947,194.0,225.0,31.0,218.49,10.285799999999995,225.0
Ni0.78Y0.22,Ni0.78 Y0.22,28.0,39.0,11.0,30.42,3.775200000000001,28.0,12.0,61.0,49.0,50.22,16.8168,61.0,58.6934,88.90585,30.212450000000004,65.340139,10.36891284,58.6934,1728.0,1799.0,71.0,1743.6200000000001,24.367200000000068,1728.0,3.0,10.0,7.0,8.46,2.4023999999999996,10.0,4.0,5.0,1.0,4.220000000000001,0.3432000000000004,4.0,124.0,190.0,66.0,138.51999999999998,22.65119999999999,124.0,1.22,1.91,0.69,1.7582,0.23680799999999996,1.91,2.0,2.0,0.0,2.0,0.0,2.0,0.0,0.0,0.0,0.0,0.0,0.0,1.0,8.0,7.0,6.46,2.4024,8.0,0.0,0.0,0.0,0.0,0.0,0.0,3.0,10.0,7.0,8.46,2.4023999999999996,10.0,0.0,0.0,0.0,0.0,0.0,0.0,0.0,0.0,0.0,0.0,0.0,0.0,2.0,9.0,7.0,3.54,2.4024,2.0,0.0,0.0,0.0,0.0,0.0,0.0,2.0,9.0,7.0,3.54,2.4024,2.0,10.32,32.365,22.045,15.1699,7.565844000000001,10.32,0.0,0.0,0.0,0.0,0.0,0.0,0.0,0.5953947,0.5953947,0.46440786600000006,0.20433946104,0.5953947,194.0,225.0,31.0,218.18,10.639199999999995,225.0
Ni0.77Y0.23,Ni0.77 Y0.23,28.0,39.0,11.0,30.53,3.8962000000000003,28.0,12.0,61.0,49.0,49.73,17.355800000000002,61.0,58.6934,88.90585,30.212450000000004,65.6422635,10.701249790000002,58.6934,1728.0,1799.0,71.0,1744.33,25.14819999999996,1728.0,3.0,10.0,7.0,8.39,2.4794,10.0,4.0,5.0,1.0,4.23,0.35420000000000024,4.0,124.0,190.0,66.0,139.18,23.377200000000006,124.0,1.22,1.91,0.69,1.7512999999999999,0.24439800000000003,1.91,2.0,2.0,0.0,2.0,0.0,2.0,0.0,0.0,0.0,0.0,0.0,0.0,1.0,8.0,7.0,6.390000000000001,2.4794,8.0,0.0,0.0,0.0,0.0,0.0,0.0,3.0,10.0,7.0,8.39,2.4794,10.0,0.0,0.0,0.0,0.0,0.0,0.0,0.0,0.0,0.0,0.0,0.0,0.0,2.0,9.0,7.0,3.6100000000000003,2.4794,2.0,0.0,0.0,0.0,0.0,0.0,0.0,2.0,9.0,7.0,3.6100000000000003,2.4794,2.0,10.32,32.365,22.045,15.390350000000002,7.808339000000001,10.32,0.0,0.0,0.0,0.0,0.0,0.0,0.0,0.5953947,0.5953947,0.45845391900000004,0.21088880274000002,0.5953947,194.0,225.0,31.0,217.87,10.980199999999996,225.0
Ni0.76Y0.24,Ni0.76 Y0.24,28.0,39.0,11.0,30.64,4.0128,28.0,12.0,61.0,49.0,49.24,17.8752,61.0,58.6934,88.90585,30.212450000000004,65.944388,11.021501760000003,58.6934,1728.0,1799.0,71.0,1745.04,25.900799999999983,1728.0,3.0,10.0,7.0,8.32,2.5535999999999994,10.0,4.0,5.0,1.0,4.24,0.3648000000000001,4.0,124.0,190.0,66.0,139.84,24.076800000000002,124.0,1.22,1.91,0.69,1.7444,0.25171199999999994,1.91,2.0,2.0,0.0,2.0,0.0,2.0,0.0,0.0,0.0,0.0,0.0,0.0,1.0,8.0,7.0,6.32,2.5535999999999994,8.0,0.0,0.0,0.0,0.0,0.0,0.0,3.0,10.0,7.0,8.32,2.5535999999999994,10.0,0.0,0.0,0.0,0.0,0.0,0.0,0.0,0.0,0.0,0.0,0.0,0.0,2.0,9.0,7.0,3.68,2.5536000000000003,2.0,0.0,0.0,0.0,0.0,0.0,0.0,2.0,9.0,7.0,3.68,2.5536000000000003,2.0,10.32,32.365,22.045,15.610800000000001,8.042016,10.32,0.0,0.0,0.0,0.0,0.0,0.0,0.0,0.5953947,0.5953947,0.45249997200000003,0.21719998656,0.5953947,194.0,225.0,31.0,217.56,11.308799999999998,225.0
Ni0.75Y0.25,Ni0.75 Y0.25,28.0,39.0,11.0,30.75,4.125,28.0,12.0,61.0,49.0,48.75,18.375,61.0,58.6934,88.90585,30.212450000000004,66.2465125,11.32966875,58.6934,1728.0,1799.0,71.0,1745.75,26.625,1728.0,3.0,10.0,7.0,8.25,2.625,10.0,4.0,5.0,1.0,4.25,0.375,4.0,124.0,190.0,66.0,140.5,24.75,124.0,1.22,1.91,0.69,1.7374999999999998,0.25875000000000004,1.91,2.0,2.0,0.0,2.0,0.0,2.0,0.0,0.0,0.0,0.0,0.0,0.0,1.0,8.0,7.0,6.25,2.625,8.0,0.0,0.0,0.0,0.0,0.0,0.0,3.0,10.0,7.0,8.25,2.625,10.0,0.0,0.0,0.0,0.0,0.0,0.0,0.0,0.0,0.0,0.0,0.0,0.0,2.0,9.0,7.0,3.75,2.625,2.0,0.0,0.0,0.0,0.0,0.0,0.0,2.0,9.0,7.0,3.75,2.625,2.0,10.32,32.365,22.045,15.83125,8.266875,10.32,0.0,0.0,0.0,0.0,0.0,0.0,0.0,0.5953947,0.5953947,0.44654602500000007,0.2232730125,0.5953947,194.0,225.0,31.0,217.25,11.625,225.0
Ni0.74Y0.26,Ni0.74 Y0.26,28.0,39.0,11.0,30.86,4.232799999999999,28.0,12.0,61.0,49.0,48.26,18.855200000000004,61.0,58.6934,88.90585,30.212450000000004,66.548637,11.625750760000003,58.6934,1728.0,1799.0,71.0,1746.46,27.32080000000002,1728.0,3.0,10.0,7.0,8.18,2.6936,10.0,4.0,5.0,1.0,4.26,0.3847999999999999,4.0,124.0,190.0,66.0,141.16,25.3968,124.0,1.22,1.91,0.69,1.7306,0.26551199999999997,1.91,2.0,2.0,0.0,2.0,0.0,2.0,0.0,0.0,0.0,0.0,0.0,0.0,1.0,8.0,7.0,6.18,2.6936,8.0,0.0,0.0,0.0,0.0,0.0,0.0,3.0,10.0,7.0,8.18,2.6936,10.0,0.0,0.0,0.0,0.0,0.0,0.0,0.0,0.0,0.0,0.0,0.0,0.0,2.0,9.0,7.0,3.82,2.6936,2.0,0.0,0.0,0.0,0.0,0.0,0.0,2.0,9.0,7.0,3.82,2.6936,2.0,10.32,32.365,22.045,16.0517,8.482916,10.32,0.0,0.0,0.0,0.0,0.0,0.0,0.0,0.5953947,0.5953947,0.44059207800000005,0.22910788056000003,0.5953947,194.0,225.0,31.0,216.94,11.9288,225.0
Ni0.73Y0.27,Ni0.73 Y0.27,28.0,39.0,11.0,30.97,4.3362,28.0,12.0,61.0,49.0,47.77,19.3158,61.0,58.6934,88.90585,30.212450000000004,66.8507615,11.909747790000004,58.6934,1728.0,1799.0,71.0,1747.17,27.988200000000035,1728.0,3.0,10.0,7.0,8.11,2.7594000000000003,10.0,4.0,5.0,1.0,4.27,0.39419999999999983,4.0,124.0,190.0,66.0,141.82,26.017199999999995,124.0,1.22,1.91,0.69,1.7237,0.27199799999999996,1.91,2.0,2.0,0.0,2.0,0.0,2.0,0.0,0.0,0.0,0.0,0.0,0.0,1.0,8.0,7.0,6.109999999999999,2.7594000000000003,8.0,0.0,0.0,0.0,0.0,0.0,0.0,3.0,10.0,7.0,8.11,2.7594000000000003,10.0,0.0,0.0,0.0,0.0,0.0,0.0,0.0,0.0,0.0,0.0,0.0,0.0,2.0,9.0,7.0,3.89,2.7594000000000003,2.0,0.0,0.0,0.0,0.0,0.0,0.0,2.0,9.0,7.0,3.89,2.7594000000000003,2.0,10.32,32.365,22.045,16.272150000000003,8.690139000000002,10.32,0.0,0.0,0.0,0.0,0.0,0.0,0.0,0.5953947,0.5953947,0.43463813100000004,0.23470459074000002,0.5953947,194.0,225.0,31.0,216.63,12.220200000000002,225.0
Ni0.72Y0.28,Ni0.72 Y0.28,28.0,39.0,11.0,31.080000000000002,4.435200000000001,28.0,12.0,61.0,49.0,47.28,19.7568,61.0,58.6934,88.90585,30.212450000000004,67.152886,12.18165984,58.6934,1728.0,1799.0,71.0,1747.8799999999999,28.62719999999995,1728.0,3.0,10.0,7.0,8.04,2.8224,10.0,4.0,5.0,1.0,4.28,0.4032000000000001,4.0,124.0,190.0,66.0,142.48000000000002,26.61120000000001,124.0,1.22,1.91,0.69,1.7168,0.2782079999999999,1.91,2.0,2.0,0.0,2.0,0.0,2.0,0.0,0.0,0.0,0.0,0.0,0.0,1.0,8.0,7.0,6.04,2.8224,8.0,0.0,0.0,0.0,0.0,0.0,0.0,3.0,10.0,7.0,8.04,2.8224,10.0,0.0,0.0,0.0,0.0,0.0,0.0,0.0,0.0,0.0,0.0,0.0,0.0,2.0,9.0,7.0,3.9600000000000004,2.8224,2.0,0.0,0.0,0.0,0.0,0.0,0.0,2.0,9.0,7.0,3.9600000000000004,2.8224,2.0,10.32,32.365,22.045,16.4926,8.888544,10.32,0.0,0.0,0.0,0.0,0.0,0.0,0.0,0.5953947,0.5953947,0.428684184,0.24006314304000004,0.5953947,194.0,225.0,31.0,216.32,12.499200000000002,225.0
Ni0.71Y0.29,Ni0.71 Y0.29,28.0,39.0,11.0,31.189999999999998,4.529799999999998,28.0,12.0,61.0,49.0,46.78999999999999,20.178200000000004,61.0,58.6934,88.90585,30.212450000000004,67.45501049999999,12.441486909999995,58.6934,1728.0,1799.0,71.0,1748.5899999999997,29.23779999999987,1728.0,3.0,10.0,7.0,7.97,2.8826,10.0,4.0,5.0,1.0,4.29,0.4118,4.0,124.0,190.0,66.0,143.14,27.178799999999992,124.0,1.22,1.91,0.69,1.7098999999999998,0.284142,1.91,2.0,2.0,0.0,2.0,0.0,2.0,0.0,0.0,0.0,0.0,0.0,0.0,1.0,8.0,7.0,5.97,2.8826,8.0,0.0,0.0,0.0,0.0,0.0,0.0,3.0,10.0,7.0,7.97,2.8826,10.0,0.0,0.0,0.0,0.0,0.0,0.0,0.0,0.0,0.0,0.0,0.0,0.0,2.0,9.0,7.0,4.029999999999999,2.8825999999999996,2.0,0.0,0.0,0.0,0.0,0.0,0.0,2.0,9.0,7.0,4.029999999999999,2.8825999999999996,2.0,10.32,32.365,22.045,16.71305,9.078130999999999,10.32,0.0,0.0,0.0,0.0,0.0,0.0,0.0,0.5953947,0.5953947,0.422730237,0.24518353746000002,0.5953947,194.0,225.0,31.0,216.01,12.765800000000002,225.0
Ni0.70Y0.30,Ni0.7 Y0.3,28.0,39.0,11.0,31.299999999999997,4.619999999999999,28.0,12.0,61.0,49.0,46.3,20.58,61.0,58.6934,88.90585,30.212450000000004,67.75713499999999,12.689228999999997,58.6934,1728.0,1799.0,71.0,1749.2999999999997,29.81999999999989,1728.0,3.0,10.0,7.0,7.9,2.9399999999999995,10.0,4.0,5.0,1.0,4.3,0.41999999999999993,4.0,124.0,190.0,66.0,143.8,27.720000000000002,124.0,1.22,1.91,0.69,1.7029999999999998,0.28979999999999995,1.91,2.0,2.0,0.0,2.0,0.0,2.0,0.0,0.0,0.0,0.0,0.0,0.0,1.0,8.0,7.0,5.8999999999999995,2.94,8.0,0.0,0.0,0.0,0.0,0.0,0.0,3.0,10.0,7.0,7.9,2.9399999999999995,10.0,0.0,0.0,0.0,0.0,0.0,0.0,0.0,0.0,0.0,0.0,0.0,0.0,2.0,9.0,7.0,4.1,2.9399999999999995,2.0,0.0,0.0,0.0,0.0,0.0,0.0,2.0,9.0,7.0,4.1,2.9399999999999995,2.0,10.32,32.365,22.045,16.9335,9.2589,10.32,0.0,0.0,0.0,0.0,0.0,0.0,0.0,0.5953947,0.5953947,0.41677629,0.250065774,0.5953947,194.0,225.0,31.0,215.7,13.020000000000003,225.0
Ni0.69Y0.31,Ni0.69 Y0.31,28.0,39.0,11.0,31.41,4.7058,28.0,12.0,61.0,49.0,45.809999999999995,20.962200000000003,61.0,58.6934,88.90585,30.212450000000004,68.0592595,12.92488611,58.6934,1728.0,1799.0,71.0,1750.0099999999998,30.37379999999991,1728.0,3.0,10.0,7.0,7.829999999999999,2.9946,10.0,4.0,5.0,1.0,4.31,0.42779999999999985,4.0,124.0,190.0,66.0,144.45999999999998,28.234799999999993,124.0,1.22,1.91,0.69,1.6961,0.29518199999999994,1.91,2.0,2.0,0.0,2.0,0.0,2.0,0.0,0.0,0.0,0.0,0.0,0.0,1.0,8.0,7.0,5.829999999999999,2.9946,8.0,0.0,0.0,0.0,0.0,0.0,0.0,3.0,10.0,7.0,7.829999999999999,2.9946,10.0,0.0,0.0,0.0,0.0,0.0,0.0,0.0,0.0,0.0,0.0,0.0,0.0,2.0,9.0,7.0,4.17,2.9946,2.0,0.0,0.0,0.0,0.0,0.0,0.0,2.0,9.0,7.0,4.17,2.9946,2.0,10.32,32.365,22.045,17.153950000000002,9.430851,10.32,0.0,0.0,0.0,0.0,0.0,0.0,0.0,0.5953947,0.5953947,0.410822343,0.25470985266,0.5953947,194.0,225.0,31.0,215.39,13.261800000000004,225.0
Ni0.68Y0.32,Ni0.68 Y0.32,28.0,39.0,11.0,31.520000000000003,4.787200000000001,28.0,12.0,61.0,49.0,45.32000000000001,21.3248,61.0,58.6934,88.90585,30.212450000000004,68.361384,13.148458240000004,58.6934,1728.0,1799.0,71.0,1750.7200000000003,30.899200000000093,1728.0,3.0,10.0,7.0,7.760000000000001,3.0464,10.0,4.0,5.0,1.0,4.32,0.43520000000000014,4.0,124.0,190.0,66.0,145.12,28.723200000000006,124.0,1.22,1.91,0.69,1.6892,0.300288,1.91,2.0,2.0,0.0,2.0,0.0,2.0,0.0,0.0,0.0,0.0,0.0,0.0,1.0,8.0,7.0,5.760000000000001,3.0464,8.0,0.0,0.0,0.0,0.0,0.0,0.0,3.0,10.0,7.0,7.760000000000001,3.0464,10.0,0.0,0.0,0.0,0.0,0.0,0.0,0.0,0.0,0.0,0.0,0.0,0.0,2.0,9.0,7.0,4.24,3.0464,2.0,0.0,0.0,0.0,0.0,0.0,0.0,2.0,9.0,7.0,4.24,3.0464,2.0,10.32,32.365,22.045,17.3744,9.593984000000003,10.32,0.0,0.0,0.0,0.0,0.0,0.0,0.0,0.5953947,0.5953947,0.4048683960000001,0.25911577344000003,0.5953947,194.0,225.0,31.0,215.07999999999998,13.491200000000006,225.0
Ni0.67Y0.33,Ni0.67 Y0.33,28.0,39.0,11.0,31.630000000000003,4.864200000000001,28.0,12.0,61.0,49.0,44.830000000000005,21.6678,61.0,58.6934,88.90585,30.212450000000004,68.6635085,13.359945390000004,58.6934,1728.0,1799.0,71.0,1751.43,31.39620000000002,1728.0,3.0,10.0,7.0,7.69,3.0954,10.0,4.0,5.0,1.0,4.33,0.44220000000000004,4.0,124.0,190.0,66.0,145.78,29.185200000000002,124.0,1.22,1.91,0.69,1.6823000000000001,0.3051179999999999,1.91,2.0,2.0,0.0,2.0,0.0,2.0,0.0,0.0,0.0,0.0,0.0,0.0,1.0,8.0,7.0,5.69,3.0954,8.0,0.0,0.0,0.0,0.0,0.0,0.0,3.0,10.0,7.0,7.69,3.0954,10.0,0.0,0.0,0.0,0.0,0.0,0.0,0.0,0.0,0.0,0.0,0.0,0.0,2.0,9.0,7.0,4.3100000000000005,3.0954000000000006,2.0,0.0,0.0,0.0,0.0,0.0,0.0,2.0,9.0,7.0,4.3100000000000005,3.0954000000000006,2.0,10.32,32.365,22.045,17.59485,9.748299000000001,10.32,0.0,0.0,0.0,0.0,0.0,0.0,0.0,0.5953947,0.5953947,0.39891444900000006,0.26328353634,0.5953947,194.0,225.0,31.0,214.76999999999998,13.708200000000007,225.0
Ni0.66Y0.34,Ni0.66 Y0.34,28.0,39.0,11.0,31.740000000000002,4.936800000000001,28.0,12.0,61.0,49.0,44.34,21.9912,61.0,58.6934,88.90585,30.212450000000004,68.965633,13.559347560000003,58.6934,1728.0,1799.0,71.0,1752.14,31.864800000000034,1728.0,3.0,10.0,7.0,7.620000000000001,3.1415999999999995,10.0,4.0,5.0,1.0,4.34,0.4488,4.0,124.0,190.0,66.0,146.44,29.620800000000003,124.0,1.22,1.91,0.69,1.6754,0.30967199999999995,1.91,2.0,2.0,0.0,2.0,0.0,2.0,0.0,0.0,0.0,0.0,0.0,0.0,1.0,8.0,7.0,5.62,3.1416000000000004,8.0,0.0,0.0,0.0,0.0,0.0,0.0,3.0,10.0,7.0,7.620000000000001,3.1415999999999995,10.0,0.0,0.0,0.0,0.0,0.0,0.0,0.0,0.0,0.0,0.0,0.0,0.0,2.0,9.0,7.0,4.38,3.1416000000000004,2.0,0.0,0.0,0.0,0.0,0.0,0.0,2.0,9.0,7.0,4.38,3.1416000000000004,2.0,10.32,32.365,22.045,17.8153,9.893796000000002,10.32,0.0,0.0,0.0,0.0,0.0,0.0,0.0,0.5953947,0.5953947,0.39296050200000004,0.2672131413600001,0.5953947,194.0,225.0,31.0,214.46,13.912799999999997,225.0
Ni0.65Y0.35,Ni0.65 Y0.35,28.0,39.0,11.0,31.849999999999998,5.004999999999999,28.0,12.0,61.0,49.0,43.849999999999994,22.295,61.0,58.6934,88.90585,30.212450000000004,69.26775749999999,13.746664749999997,58.6934,1728.0,1799.0,71.0,1752.85,32.30499999999998,1728.0,3.0,10.0,7.0,7.55,3.185,10.0,4.0,5.0,1.0,4.35,0.4549999999999999,4.0,124.0,190.0,66.0,147.10000000000002,30.03000000000001,124.0,1.22,1.91,0.69,1.6685,0.31394999999999995,1.91,2.0,2.0,0.0,2.0,0.0,2.0,0.0,0.0,0.0,0.0,0.0,0.0,1.0,8.0,7.0,5.55,3.185,8.0,0.0,0.0,0.0,0.0,0.0,0.0,3.0,10.0,7.0,7.55,3.185,10.0,0.0,0.0,0.0,0.0,0.0,0.0,0.0,0.0,0.0,0.0,0.0,0.0,2.0,9.0,7.0,4.45,3.185,2.0,0.0,0.0,0.0,0.0,0.0,0.0,2.0,9.0,7.0,4.45,3.185,2.0,10.32,32.365,22.045,18.03575,10.030475000000001,10.32,0.0,0.0,0.0,0.0,0.0,0.0,0.0,0.5953947,0.5953947,0.38700655500000003,0.2709045885,0.5953947,194.0,225.0,31.0,214.14999999999998,14.105000000000008,225.0
Ni0.64Y0.36,Ni0.64 Y0.36,28.0,39.0,11.0,31.96,5.0688,28.0,12.0,61.0,49.0,43.36,22.5792,61.0,58.6934,88.90585,30.212450000000004,69.569882,13.921896960000003,58.6934,1728.0,1799.0,71.0,1753.56,32.71679999999998,1728.0,3.0,10.0,7.0,7.48,3.2256,10.0,4.0,5.0,1.0,4.359999999999999,0.4607999999999998,4.0,124.0,190.0,66.0,147.76,30.412799999999997,124.0,1.22,1.91,0.69,1.6616,0.31795199999999996,1.91,2.0,2.0,0.0,2.0,0.0,2.0,0.0,0.0,0.0,0.0,0.0,0.0,1.0,8.0,7.0,5.48,3.2256,8.0,0.0,0.0,0.0,0.0,0.0,0.0,3.0,10.0,7.0,7.48,3.2256,10.0,0.0,0.0,0.0,0.0,0.0,0.0,0.0,0.0,0.0,0.0,0.0,0.0,2.0,9.0,7.0,4.52,3.2256,2.0,0.0,0.0,0.0,0.0,0.0,0.0,2.0,9.0,7.0,4.52,3.2256,2.0,10.32,32.365,22.045,18.2562,10.158336000000002,10.32,0.0,0.0,0.0,0.0,0.0,0.0,0.0,0.5953947,0.5953947,0.38105260800000007,0.27435787776,0.5953947,194.0,225.0,31.0,213.84,14.284799999999999,225.0
Ni0.63Y0.37,Ni0.63 Y0.37,28.0,39.0,11.0,32.07,5.1282,28.0,12.0,61.0,49.0,42.87,22.8438,61.0,58.6934,88.90585,30.212450000000004,69.8720065,14.085044190000001,58.6934,1728.0,1799.0,71.0,1754.27,33.1002,1728.0,3.0,10.0,7.0,7.41,3.2634,10.0,4.0,5.0,1.0,4.37,0.4662,4.0,124.0,190.0,66.0,148.42000000000002,30.769200000000005,124.0,1.22,1.91,0.69,1.6547,0.32167799999999996,1.91,2.0,2.0,0.0,2.0,0.0,2.0,0.0,0.0,0.0,0.0,0.0,0.0,1.0,8.0,7.0,5.41,3.2634,8.0,0.0,0.0,0.0,0.0,0.0,0.0,3.0,10.0,7.0,7.41,3.2634,10.0,0.0,0.0,0.0,0.0,0.0,0.0,0.0,0.0,0.0,0.0,0.0,0.0,2.0,9.0,7.0,4.59,3.2634,2.0,0.0,0.0,0.0,0.0,0.0,0.0,2.0,9.0,7.0,4.59,3.2634,2.0,10.32,32.365,22.045,18.47665,10.277379,10.32,0.0,0.0,0.0,0.0,0.0,0.0,0.0,0.5953947,0.5953947,0.37509866100000006,0.27757300914000005,0.5953947,194.0,225.0,31.0,213.53,14.452200000000001,225.0
Ni0.62Y0.38,Ni0.62 Y0.38,28.0,39.0,11.0,32.18,5.183199999999999,28.0,12.0,61.0,49.0,42.38,23.0888,61.0,58.6934,88.90585,30.212450000000004,70.17413099999999,14.23610644,58.6934,1728.0,1799.0,71.0,1754.98,33.455200000000005,1728.0,3.0,10.0,7.0,7.34,3.2984,10.0,4.0,5.0,1.0,4.38,0.47119999999999995,4.0,124.0,190.0,66.0,149.07999999999998,31.099199999999996,124.0,1.22,1.91,0.69,1.6478,0.325128,1.91,2.0,2.0,0.0,2.0,0.0,2.0,0.0,0.0,0.0,0.0,0.0,0.0,1.0,8.0,7.0,5.34,3.2984,8.0,0.0,0.0,0.0,0.0,0.0,0.0,3.0,10.0,7.0,7.34,3.2984,10.0,0.0,0.0,0.0,0.0,0.0,0.0,0.0,0.0,0.0,0.0,0.0,0.0,2.0,9.0,7.0,4.66,3.2984,2.0,0.0,0.0,0.0,0.0,0.0,0.0,2.0,9.0,7.0,4.66,3.2984,2.0,10.32,32.365,22.045,18.6971,10.387604,10.32,0.0,0.0,0.0,0.0,0.0,0.0,0.0,0.5953947,0.5953947,0.36914471400000004,0.28054998264000003,0.5953947,194.0,225.0,31.0,213.22,14.607199999999999,225.0
Ni0.61Y0.39,Ni0.61 Y0.39,28.0,39.0,11.0,32.29,5.2338,28.0,12.0,61.0,49.0,41.89,23.3142,61.0,58.6934,88.90585,30.212450000000004,70.47625550000001,14.375083710000004,58.6934,1728.0,1799.0,71.0,1755.69,33.78180000000002,1728.0,3.0,10.0,7.0,7.27,3.3306,10.0,4.0,5.0,1.0,4.390000000000001,0.4758000000000001,4.0,124.0,190.0,66.0,149.74,31.402800000000003,124.0,1.22,1.91,0.69,1.6409,0.328302,1.91,2.0,2.0,0.0,2.0,0.0,2.0,0.0,0.0,0.0,0.0,0.0,0.0,1.0,8.0,7.0,5.27,3.3306,8.0,0.0,0.0,0.0,0.0,0.0,0.0,3.0,10.0,7.0,7.27,3.3306,10.0,0.0,0.0,0.0,0.0,0.0,0.0,0.0,0.0,0.0,0.0,0.0,0.0,2.0,9.0,7.0,4.73,3.3306,2.0,0.0,0.0,0.0,0.0,0.0,0.0,2.0,9.0,7.0,4.73,3.3306,2.0,10.32,32.365,22.045,18.917550000000002,10.489011000000001,10.32,0.0,0.0,0.0,0.0,0.0,0.0,0.0,0.5953947,0.5953947,0.363190767,0.28328879826000003,0.5953947,194.0,225.0,31.0,212.91,14.7498,225.0
Ni0.60Y0.40,Ni0.6 Y0.4,28.0,39.0,11.0,32.400000000000006,5.280000000000001,28.0,12.0,61.0,49.0,41.400000000000006,23.52,61.0,58.6934,88.90585,30.212450000000004,70.77838,14.501976000000003,58.6934,1728.0,1799.0,71.0,1756.4,34.08000000000001,1728.0,3.0,10.0,7.0,7.2,3.3600000000000003,10.0,4.0,5.0,1.0,4.4,0.4800000000000001,4.0,124.0,190.0,66.0,150.39999999999998,31.679999999999996,124.0,1.22,1.91,0.69,1.634,0.33119999999999994,1.91,2.0,2.0,0.0,2.0,0.0,2.0,0.0,0.0,0.0,0.0,0.0,0.0,1.0,8.0,7.0,5.2,3.3600000000000003,8.0,0.0,0.0,0.0,0.0,0.0,0.0,3.0,10.0,7.0,7.2,3.3600000000000003,10.0,0.0,0.0,0.0,0.0,0.0,0.0,0.0,0.0,0.0,0.0,0.0,0.0,2.0,9.0,7.0,4.8,3.3600000000000003,2.0,0.0,0.0,0.0,0.0,0.0,0.0,2.0,9.0,7.0,4.8,3.3600000000000003,2.0,10.32,32.365,22.045,19.138,10.581600000000002,10.32,0.0,0.0,0.0,0.0,0.0,0.0,0.0,0.5953947,0.5953947,0.35723682,0.28578945600000005,0.5953947,194.0,225.0,31.0,212.60000000000002,14.879999999999995,225.0
Ni0.59Y0.41,Ni0.59 Y0.41,28.0,39.0,11.0,32.51,5.3218,28.0,12.0,61.0,49.0,40.91,23.7062,61.0,58.6934,88.90585,30.212450000000004,71.08050449999999,14.616783309999999,58.6934,1728.0,1799.0,71.0,1757.11,34.34979999999998,1728.0,3.0,10.0,7.0,7.129999999999999,3.3866,10.0,4.0,5.0,1.0,4.41,0.4838,4.0,124.0,190.0,66.0,151.06,31.930799999999998,124.0,1.22,1.91,0.69,1.6270999999999998,0.33382199999999995,1.91,2.0,2.0,0.0,2.0,0.0,2.0,0.0,0.0,0.0,0.0,0.0,0.0,1.0,8.0,7.0,5.13,3.3865999999999996,8.0,0.0,0.0,0.0,0.0,0.0,0.0,3.0,10.0,7.0,7.129999999999999,3.3866,10.0,0.0,0.0,0.0,0.0,0.0,0.0,0.0,0.0,0.0,0.0,0.0,0.0,2.0,9.0,7.0,4.87,3.3865999999999996,2.0,0.0,0.0,0.0,0.0,0.0,0.0,2.0,9.0,7.0,4.87,3.3865999999999996,2.0,10.32,32.365,22.045,19.35845,10.665371,10.32,0.0,0.0,0.0,0.0,0.0,0.0,0.0,0.5953947,0.5953947,0.351282873,0.28805195586,0.5953947,194.0,225.0,31.0,212.29,14.997800000000002,225.0
Ni0.58Y0.42,Ni0.58 Y0.42,28.0,39.0,11.0,32.62,5.3591999999999995,28.0,12.0,61.0,49.0,40.419999999999995,23.872799999999998,61.0,58.6934,88.90585,30.212450000000004,71.382629,14.719505640000001,58.6934,1728.0,1799.0,71.0,1757.8199999999997,34.59119999999995,1728.0,3.0,10.0,7.0,7.06,3.4104,10.0,4.0,5.0,1.0,4.42,0.48719999999999997,4.0,124.0,190.0,66.0,151.72,32.155199999999994,124.0,1.22,1.91,0.69,1.6201999999999999,0.33616799999999997,1.91,2.0,2.0,0.0,2.0,0.0,2.0,0.0,0.0,0.0,0.0,0.0,0.0,1.0,8.0,7.0,5.06,3.4104,8.0,0.0,0.0,0.0,0.0,0.0,0.0,3.0,10.0,7.0,7.06,3.4104,10.0,0.0,0.0,0.0,0.0,0.0,0.0,0.0,0.0,0.0,0.0,0.0,0.0,2.0,9.0,7.0,4.9399999999999995,3.4103999999999997,2.0,0.0,0.0,0.0,0.0,0.0,0.0,2.0,9.0,7.0,4.9399999999999995,3.4103999999999997,2.0,10.32,32.365,22.045,19.5789,10.740324000000001,10.32,0.0,0.0,0.0,0.0,0.0,0.0,0.0,0.5953947,0.5953947,0.345328926,0.29007629784,0.5953947,194.0,225.0,31.0,211.98000000000002,15.103199999999998,225.0
Ni0.57Y0.43,Ni0.57 Y0.43,28.0,39.0,11.0,32.73,5.392199999999999,28.0,12.0,61.0,49.0,39.92999999999999,24.0198,61.0,58.6934,88.90585,30.212450000000004,71.6847535,14.810142990000001,58.6934,1728.0,1799.0,71.0,1758.5299999999997,34.804199999999966,1728.0,3.0,10.0,7.0,6.989999999999999,3.4314,10.0,4.0,5.0,1.0,4.43,0.49019999999999997,4.0,124.0,190.0,66.0,152.38,32.3532,124.0,1.22,1.91,0.69,1.6132999999999997,0.33823800000000004,1.91,2.0,2.0,0.0,2.0,0.0,2.0,0.0,0.0,0.0,0.0,0.0,0.0,1.0,8.0,7.0,4.989999999999999,3.4314,8.0,0.0,0.0,0.0,0.0,0.0,0.0,3.0,10.0,7.0,6.989999999999999,3.4314,10.0,0.0,0.0,0.0,0.0,0.0,0.0,0.0,0.0,0.0,0.0,0.0,0.0,2.0,9.0,7.0,5.01,3.4314,2.0,0.0,0.0,0.0,0.0,0.0,0.0,2.0,9.0,7.0,5.01,3.4314,2.0,10.32,32.365,22.045,19.79935,10.806459,10.32,0.0,0.0,0.0,0.0,0.0,0.0,0.0,0.5953947,0.5953947,0.339374979,0.29186248194000003,0.5953947,194.0,225.0,31.0,211.67000000000002,15.196199999999997,225.0
Ni0.56Y0.44,Ni0.56 Y0.44,28.0,39.0,11.0,32.84,5.420800000000001,28.0,12.0,61.0,49.0,39.440000000000005,24.1472,61.0,58.6934,88.90585,30.212450000000004,71.986878,14.888695360000003,58.6934,1728.0,1799.0,71.0,1759.2400000000002,34.988800000000026,1728.0,3.0,10.0,7.0,6.920000000000001,3.4496,10.0,4.0,5.0,1.0,4.44,0.49280000000000007,4.0,124.0,190.0,66.0,153.04000000000002,32.524800000000006,124.0,1.22,1.91,0.69,1.6064,0.340032,1.91,2.0,2.0,0.0,2.0,0.0,2.0,0.0,0.0,0.0,0.0,0.0,0.0,1.0,8.0,7.0,4.920000000000001,3.4496,8.0,0.0,0.0,0.0,0.0,0.0,0.0,3.0,10.0,7.0,6.920000000000001,3.4496,10.0,0.0,0.0,0.0,0.0,0.0,0.0,0.0,0.0,0.0,0.0,0.0,0.0,2.0,9.0,7.0,5.08,3.4496,2.0,0.0,0.0,0.0,0.0,0.0,0.0,2.0,9.0,7.0,5.08,3.4496,2.0,10.32,32.365,22.045,20.0198,10.863776000000001,10.32,0.0,0.0,0.0,0.0,0.0,0.0,0.0,0.5953947,0.5953947,0.33342103200000006,0.29341050816,0.5953947,194.0,225.0,31.0,211.36,15.276799999999998,225.0
Ni0.55Y0.45,Ni0.55 Y0.45,28.0,39.0,11.0,32.95,5.445,28.0,12.0,61.0,49.0,38.95,24.255000000000003,61.0,58.6934,88.90585,30.212450000000004,72.28900250000001,14.955162750000003,58.6934,1728.0,1799.0,71.0,1759.9500000000003,35.145000000000024,1728.0,3.0,10.0,7.0,6.85,3.4650000000000003,10.0,4.0,5.0,1.0,4.45,0.495,4.0,124.0,190.0,66.0,153.7,32.67,124.0,1.22,1.91,0.69,1.5995,0.34155,1.91,2.0,2.0,0.0,2.0,0.0,2.0,0.0,0.0,0.0,0.0,0.0,0.0,1.0,8.0,7.0,4.8500000000000005,3.4650000000000003,8.0,0.0,0.0,0.0,0.0,0.0,0.0,3.0,10.0,7.0,6.85,3.4650000000000003,10.0,0.0,0.0,0.0,0.0,0.0,0.0,0.0,0.0,0.0,0.0,0.0,0.0,2.0,9.0,7.0,5.15,3.4650000000000003,2.0,0.0,0.0,0.0,0.0,0.0,0.0,2.0,9.0,7.0,5.15,3.4650000000000003,2.0,10.32,32.365,22.045,20.240250000000003,10.912275000000001,10.32,0.0,0.0,0.0,0.0,0.0,0.0,0.0,0.5953947,0.5953947,0.32746708500000005,0.29472037650000005,0.5953947,194.0,225.0,31.0,211.05,15.344999999999999,225.0
Ni0.54Y0.46,Ni0.54 Y0.46,28.0,39.0,11.0,33.06,5.4648,28.0,12.0,61.0,49.0,38.46000000000001,24.3432,61.0,58.6934,88.90585,30.212450000000004,72.591127,15.009545160000004,58.6934,1728.0,1799.0,71.0,1760.6600000000003,35.27280000000003,1728.0,3.0,10.0,7.0,6.78,3.4776,10.0,4.0,5.0,1.0,4.460000000000001,0.49680000000000013,4.0,124.0,190.0,66.0,154.36,32.7888,124.0,1.22,1.91,0.69,1.5926,0.342792,1.91,2.0,2.0,0.0,2.0,0.0,2.0,0.0,0.0,0.0,0.0,0.0,0.0,1.0,8.0,7.0,4.78,3.4776,8.0,0.0,0.0,0.0,0.0,0.0,0.0,3.0,10.0,7.0,6.78,3.4776,10.0,0.0,0.0,0.0,0.0,0.0,0.0,0.0,0.0,0.0,0.0,0.0,0.0,2.0,9.0,7.0,5.220000000000001,3.4776000000000002,2.0,0.0,0.0,0.0,0.0,0.0,0.0,2.0,9.0,7.0,5.220000000000001,3.4776000000000002,2.0,10.32,32.365,22.045,20.460700000000003,10.951956000000001,10.32,0.0,0.0,0.0,0.0,0.0,0.0,0.0,0.5953947,0.5953947,0.32151313800000003,0.29579208696000003,0.5953947,194.0,225.0,31.0,210.74,15.4008,225.0
Ni0.53Y0.47,Ni0.53 Y0.47,28.0,39.0,11.0,33.17,5.4802,28.0,12.0,61.0,49.0,37.97,24.4118,61.0,58.6934,88.90585,30.212450000000004,72.8932515,15.051842590000003,58.6934,1728.0,1799.0,71.0,1761.37,35.37219999999999,1728.0,3.0,10.0,7.0,6.710000000000001,3.4874,10.0,4.0,5.0,1.0,4.47,0.4982,4.0,124.0,190.0,66.0,155.01999999999998,32.8812,124.0,1.22,1.91,0.69,1.5856999999999999,0.343758,1.91,2.0,2.0,0.0,2.0,0.0,2.0,0.0,0.0,0.0,0.0,0.0,0.0,1.0,8.0,7.0,4.71,3.4874,8.0,0.0,0.0,0.0,0.0,0.0,0.0,3.0,10.0,7.0,6.710000000000001,3.4874,10.0,0.0,0.0,0.0,0.0,0.0,0.0,0.0,0.0,0.0,0.0,0.0,0.0,2.0,9.0,7.0,5.289999999999999,3.4874,2.0,0.0,0.0,0.0,0.0,0.0,0.0,2.0,9.0,7.0,5.289999999999999,3.4874,2.0,10.32,32.365,22.045,20.681150000000002,10.982819000000001,10.32,0.0,0.0,0.0,0.0,0.0,0.0,0.0,0.5953947,0.5953947,0.31555919100000007,0.29662563954,0.5953947,194.0,225.0,31.0,210.43,15.444199999999999,225.0
Ni0.52Y0.48,Ni0.52 Y0.48,28.0,39.0,11.0,33.28,5.491199999999999,28.0,12.0,61.0,49.0,37.480000000000004,24.4608,61.0,58.6934,88.90585,30.212450000000004,73.195376,15.082055040000002,58.6934,1728.0,1799.0,71.0,1762.08,35.4432,1728.0,3.0,10.0,7.0,6.640000000000001,3.4944,10.0,4.0,5.0,1.0,4.48,0.49920000000000003,4.0,124.0,190.0,66.0,155.68,32.9472,124.0,1.22,1.91,0.69,1.5788,0.344448,1.91,2.0,2.0,0.0,2.0,0.0,2.0,0.0,0.0,0.0,0.0,0.0,0.0,1.0,8.0,7.0,4.640000000000001,3.4944,8.0,0.0,0.0,0.0,0.0,0.0,0.0,3.0,10.0,7.0,6.640000000000001,3.4944,10.0,0.0,0.0,0.0,0.0,0.0,0.0,0.0,0.0,0.0,0.0,0.0,0.0,2.0,9.0,7.0,5.36,3.4944,2.0,0.0,0.0,0.0,0.0,0.0,0.0,2.0,9.0,7.0,5.36,3.4944,2.0,10.32,32.365,22.045,20.901600000000002,11.004864000000001,10.32,0.0,0.0,0.0,0.0,0.0,0.0,0.0,0.5953947,0.5953947,0.30960524400000006,0.29722103424,0.5953947,194.0,225.0,31.0,210.12,15.475200000000001,225.0
Ni0.51Y0.49,Ni0.51 Y0.49,28.0,39.0,11.0,33.39,5.4978,28.0,12.0,61.0,49.0,36.99,24.4902,61.0,58.6934,88.90585,30.212450000000004,73.4975005,15.100182510000003,58.6934,1728.0,1799.0,71.0,1762.79,35.4858,1728.0,3.0,10.0,7.0,6.569999999999999,3.4985999999999997,10.0,4.0,5.0,1.0,4.49,0.4998,4.0,124.0,190.0,66.0,156.34,32.9868,124.0,1.22,1.91,0.69,1.5718999999999999,0.344862,1.91,2.0,2.0,0.0,2.0,0.0,2.0,0.0,0.0,0.0,0.0,0.0,0.0,1.0,8.0,7.0,4.57,3.4985999999999997,8.0,0.0,0.0,0.0,0.0,0.0,0.0,3.0,10.0,7.0,6.569999999999999,3.4985999999999997,10.0,0.0,0.0,0.0,0.0,0.0,0.0,0.0,0.0,0.0,0.0,0.0,0.0,2.0,9.0,7.0,5.43,3.4985999999999997,2.0,0.0,0.0,0.0,0.0,0.0,0.0,2.0,9.0,7.0,5.43,3.4985999999999997,2.0,10.32,32.365,22.045,21.12205,11.018091000000002,10.32,0.0,0.0,0.0,0.0,0.0,0.0,0.0,0.5953947,0.5953947,0.30365129700000004,0.29757827106,0.5953947,194.0,225.0,31.0,209.81,15.4938,225.0
Ni0.50Y0.50,Ni0.5 Y0.5,28.0,39.0,11.0,33.5,5.5,28.0,12.0,61.0,49.0,36.5,24.5,12.0,58.6934,88.90585,30.212450000000004,73.79962499999999,15.106225000000002,58.6934,1728.0,1799.0,71.0,1763.5,35.5,1728.0,3.0,10.0,7.0,6.5,3.5,3.0,4.0,5.0,1.0,4.5,0.5,4.0,124.0,190.0,66.0,157.0,33.0,124.0,1.22,1.91,0.69,1.565,0.345,1.22,2.0,2.0,0.0,2.0,0.0,2.0,0.0,0.0,0.0,0.0,0.0,0.0,1.0,8.0,7.0,4.5,3.5,1.0,0.0,0.0,0.0,0.0,0.0,0.0,3.0,10.0,7.0,6.5,3.5,3.0,0.0,0.0,0.0,0.0,0.0,0.0,0.0,0.0,0.0,0.0,0.0,0.0,2.0,9.0,7.0,5.5,3.5,2.0,0.0,0.0,0.0,0.0,0.0,0.0,2.0,9.0,7.0,5.5,3.5,2.0,10.32,32.365,22.045,21.3425,11.0225,10.32,0.0,0.0,0.0,0.0,0.0,0.0,0.0,0.5953947,0.5953947,0.29769735,0.29769735,0.0,194.0,225.0,31.0,209.5,15.5,194.0
Ni0.49Y0.51,Ni0.49 Y0.51,28.0,39.0,11.0,33.61,5.4978,39.0,12.0,61.0,49.0,36.01,24.4902,12.0,58.6934,88.90585,30.212450000000004,74.1017495,15.100182510000003,88.90585,1728.0,1799.0,71.0,1764.21,35.4858,1799.0,3.0,10.0,7.0,6.430000000000001,3.4985999999999997,3.0,4.0,5.0,1.0,4.51,0.4998,5.0,124.0,190.0,66.0,157.66,32.9868,190.0,1.22,1.91,0.69,1.5581,0.344862,1.22,2.0,2.0,0.0,2.0,0.0,2.0,0.0,0.0,0.0,0.0,0.0,0.0,1.0,8.0,7.0,4.43,3.4985999999999997,1.0,0.0,0.0,0.0,0.0,0.0,0.0,3.0,10.0,7.0,6.430000000000001,3.4985999999999997,3.0,0.0,0.0,0.0,0.0,0.0,0.0,0.0,0.0,0.0,0.0,0.0,0.0,2.0,9.0,7.0,5.57,3.4985999999999997,9.0,0.0,0.0,0.0,0.0,0.0,0.0,2.0,9.0,7.0,5.57,3.4985999999999997,9.0,10.32,32.365,22.045,21.56295,11.018091000000002,32.365,0.0,0.0,0.0,0.0,0.0,0.0,0.0,0.5953947,0.5953947,0.291743403,0.29757827106,0.0,194.0,225.0,31.0,209.19,15.4938,194.0
Ni0.48Y0.52,Ni0.48 Y0.52,28.0,39.0,11.0,33.72,5.491199999999999,39.0,12.0,61.0,49.0,35.519999999999996,24.4608,12.0,58.6934,88.90585,30.212450000000004,74.403874,15.082055040000002,88.90585,1728.0,1799.0,71.0,1764.92,35.4432,1799.0,3.0,10.0,7.0,6.359999999999999,3.4944,3.0,4.0,5.0,1.0,4.52,0.49920000000000003,5.0,124.0,190.0,66.0,158.32,32.9472,190.0,1.22,1.91,0.69,1.5512,0.344448,1.22,2.0,2.0,0.0,2.0,0.0,2.0,0.0,0.0,0.0,0.0,0.0,0.0,1.0,8.0,7.0,4.359999999999999,3.4944,1.0,0.0,0.0,0.0,0.0,0.0,0.0,3.0,10.0,7.0,6.359999999999999,3.4944,3.0,0.0,0.0,0.0,0.0,0.0,0.0,0.0,0.0,0.0,0.0,0.0,0.0,2.0,9.0,7.0,5.64,3.4944,9.0,0.0,0.0,0.0,0.0,0.0,0.0,2.0,9.0,7.0,5.64,3.4944,9.0,10.32,32.365,22.045,21.7834,11.004864000000001,32.365,0.0,0.0,0.0,0.0,0.0,0.0,0.0,0.5953947,0.5953947,0.285789456,0.29722103424,0.0,194.0,225.0,31.0,208.88,15.475200000000001,194.0
Ni0.47Y0.53,Ni0.47 Y0.53,28.0,39.0,11.0,33.83,5.4802,39.0,12.0,61.0,49.0,35.03,24.4118,12.0,58.6934,88.90585,30.212450000000004,74.70599849999999,15.051842590000003,88.90585,1728.0,1799.0,71.0,1765.63,35.37219999999999,1799.0,3.0,10.0,7.0,6.289999999999999,3.4874,3.0,4.0,5.0,1.0,4.53,0.4982,5.0,124.0,190.0,66.0,158.98,32.8812,190.0,1.22,1.91,0.69,1.5443,0.343758,1.22,2.0,2.0,0.0,2.0,0.0,2.0,0.0,0.0,0.0,0.0,0.0,0.0,1.0,8.0,7.0,4.29,3.4874,1.0,0.0,0.0,0.0,0.0,0.0,0.0,3.0,10.0,7.0,6.289999999999999,3.4874,3.0,0.0,0.0,0.0,0.0,0.0,0.0,0.0,0.0,0.0,0.0,0.0,0.0,2.0,9.0,7.0,5.710000000000001,3.4874,9.0,0.0,0.0,0.0,0.0,0.0,0.0,2.0,9.0,7.0,5.710000000000001,3.4874,9.0,10.32,32.365,22.045,22.003850000000003,10.982819000000001,32.365,0.0,0.0,0.0,0.0,0.0,0.0,0.0,0.5953947,0.5953947,0.279835509,0.29662563954,0.0,194.0,225.0,31.0,208.57,15.444199999999999,194.0
Ni0.46Y0.54,Ni0.46 Y0.54,28.0,39.0,11.0,33.940000000000005,5.4648,39.0,12.0,61.0,49.0,34.540000000000006,24.343200000000003,12.0,58.6934,88.90585,30.212450000000004,75.00812300000001,15.009545160000002,88.90585,1728.0,1799.0,71.0,1766.3400000000001,35.27279999999999,1799.0,3.0,10.0,7.0,6.220000000000001,3.4776000000000002,3.0,4.0,5.0,1.0,4.54,0.4968,5.0,124.0,190.0,66.0,159.64000000000001,32.7888,190.0,1.22,1.91,0.69,1.5374,0.342792,1.22,2.0,2.0,0.0,2.0,0.0,2.0,0.0,0.0,0.0,0.0,0.0,0.0,1.0,8.0,7.0,4.220000000000001,3.4776000000000002,1.0,0.0,0.0,0.0,0.0,0.0,0.0,3.0,10.0,7.0,6.220000000000001,3.4776000000000002,3.0,0.0,0.0,0.0,0.0,0.0,0.0,0.0,0.0,0.0,0.0,0.0,0.0,2.0,9.0,7.0,5.78,3.4776,9.0,0.0,0.0,0.0,0.0,0.0,0.0,2.0,9.0,7.0,5.78,3.4776,9.0,10.32,32.365,22.045,22.224300000000003,10.951956000000001,32.365,0.0,0.0,0.0,0.0,0.0,0.0,0.0,0.5953947,0.5953947,0.273881562,0.29579208696000003,0.0,194.0,225.0,31.0,208.26,15.4008,194.0
Ni0.45Y0.55,Ni0.45 Y0.55,28.0,39.0,11.0,34.050000000000004,5.445,39.0,12.0,61.0,49.0,34.05,24.255000000000003,12.0,58.6934,88.90585,30.212450000000004,75.3102475,14.955162750000003,88.90585,1728.0,1799.0,71.0,1767.0500000000002,35.14499999999998,1799.0,3.0,10.0,7.0,6.15,3.4650000000000003,3.0,4.0,5.0,1.0,4.55,0.495,5.0,124.0,190.0,66.0,160.3,32.67,190.0,1.22,1.91,0.69,1.5305,0.34155,1.22,2.0,2.0,0.0,2.0,0.0,2.0,0.0,0.0,0.0,0.0,0.0,0.0,1.0,8.0,7.0,4.15,3.4650000000000003,1.0,0.0,0.0,0.0,0.0,0.0,0.0,3.0,10.0,7.0,6.15,3.4650000000000003,3.0,0.0,0.0,0.0,0.0,0.0,0.0,0.0,0.0,0.0,0.0,0.0,0.0,2.0,9.0,7.0,5.8500000000000005,3.4650000000000003,9.0,0.0,0.0,0.0,0.0,0.0,0.0,2.0,9.0,7.0,5.8500000000000005,3.4650000000000003,9.0,10.32,32.365,22.045,22.444750000000006,10.912275000000001,32.365,0.0,0.0,0.0,0.0,0.0,0.0,0.0,0.5953947,0.5953947,0.267927615,0.29472037650000005,0.0,194.0,225.0,31.0,207.95,15.344999999999999,194.0
Ni0.44Y0.56,Ni0.44 Y0.56,28.0,39.0,11.0,34.160000000000004,5.4208,39.0,12.0,61.0,49.0,33.56,24.1472,12.0,58.6934,88.90585,30.212450000000004,75.61237200000001,14.888695360000002,88.90585,1728.0,1799.0,71.0,1767.7600000000002,34.98879999999997,1799.0,3.0,10.0,7.0,6.08,3.4496,3.0,4.0,5.0,1.0,4.5600000000000005,0.4928,5.0,124.0,190.0,66.0,160.96,32.5248,190.0,1.22,1.91,0.69,1.5236,0.340032,1.22,2.0,2.0,0.0,2.0,0.0,2.0,0.0,0.0,0.0,0.0,0.0,0.0,1.0,8.0,7.0,4.08,3.4496,1.0,0.0,0.0,0.0,0.0,0.0,0.0,3.0,10.0,7.0,6.08,3.4496,3.0,0.0,0.0,0.0,0.0,0.0,0.0,0.0,0.0,0.0,0.0,0.0,0.0,2.0,9.0,7.0,5.920000000000001,3.4496,9.0,0.0,0.0,0.0,0.0,0.0,0.0,2.0,9.0,7.0,5.920000000000001,3.4496,9.0,10.32,32.365,22.045,22.665200000000002,10.863776000000001,32.365,0.0,0.0,0.0,0.0,0.0,0.0,0.0,0.5953947,0.5953947,0.26197366800000005,0.29341050816,0.0,194.0,225.0,31.0,207.64000000000001,15.276800000000001,194.0
Ni0.43Y0.57,Ni0.43 Y0.57,28.0,39.0,11.0,34.269999999999996,5.392200000000001,39.0,12.0,61.0,49.0,33.07,24.0198,12.0,58.6934,88.90585,30.212450000000004,75.9144965,14.810142990000001,88.90585,1728.0,1799.0,71.0,1768.4699999999998,34.80420000000002,1799.0,3.0,10.0,7.0,6.01,3.4314,3.0,4.0,5.0,1.0,4.569999999999999,0.4902000000000001,5.0,124.0,190.0,66.0,161.62,32.3532,190.0,1.22,1.91,0.69,1.5166999999999997,0.3382379999999999,1.22,2.0,2.0,0.0,2.0,0.0,2.0,0.0,0.0,0.0,0.0,0.0,0.0,1.0,8.0,7.0,4.01,3.4314,1.0,0.0,0.0,0.0,0.0,0.0,0.0,3.0,10.0,7.0,6.01,3.4314,3.0,0.0,0.0,0.0,0.0,0.0,0.0,0.0,0.0,0.0,0.0,0.0,0.0,2.0,9.0,7.0,5.99,3.4314,9.0,0.0,0.0,0.0,0.0,0.0,0.0,2.0,9.0,7.0,5.99,3.4314,9.0,10.32,32.365,22.045,22.88565,10.806459,32.365,0.0,0.0,0.0,0.0,0.0,0.0,0.0,0.5953947,0.5953947,0.25601972100000003,0.29186248194000003,0.0,194.0,225.0,31.0,207.32999999999998,15.196199999999997,194.0
Ni0.42Y0.58,Ni0.42 Y0.58,28.0,39.0,11.0,34.379999999999995,5.3592,39.0,12.0,61.0,49.0,32.58,23.872799999999998,12.0,58.6934,88.90585,30.212450000000004,76.216621,14.719505640000001,88.90585,1728.0,1799.0,71.0,1769.1799999999998,34.59120000000002,1799.0,3.0,10.0,7.0,5.9399999999999995,3.4103999999999997,3.0,4.0,5.0,1.0,4.58,0.48719999999999997,5.0,124.0,190.0,66.0,162.27999999999997,32.15520000000001,190.0,1.22,1.91,0.69,1.5097999999999998,0.3361679999999999,1.22,2.0,2.0,0.0,2.0,0.0,2.0,0.0,0.0,0.0,0.0,0.0,0.0,1.0,8.0,7.0,3.94,3.4104,1.0,0.0,0.0,0.0,0.0,0.0,0.0,3.0,10.0,7.0,5.9399999999999995,3.4103999999999997,3.0,0.0,0.0,0.0,0.0,0.0,0.0,0.0,0.0,0.0,0.0,0.0,0.0,2.0,9.0,7.0,6.06,3.4104,9.0,0.0,0.0,0.0,0.0,0.0,0.0,2.0,9.0,7.0,6.06,3.4104,9.0,10.32,32.365,22.045,23.106099999999998,10.740324000000001,32.365,0.0,0.0,0.0,0.0,0.0,0.0,0.0,0.5953947,0.5953947,0.250065774,0.29007629784,0.0,194.0,225.0,31.0,207.01999999999998,15.103199999999998,194.0
Ni0.41Y0.59,Ni0.41 Y0.59,28.0,39.0,11.0,34.489999999999995,5.3218000000000005,39.0,12.0,61.0,49.0,32.089999999999996,23.7062,12.0,58.6934,88.90585,30.212450000000004,76.5187455,14.616783310000002,88.90585,1728.0,1799.0,71.0,1769.8899999999999,34.34980000000002,1799.0,3.0,10.0,7.0,5.869999999999999,3.3865999999999996,3.0,4.0,5.0,1.0,4.59,0.4838,5.0,124.0,190.0,66.0,162.94,31.930799999999998,190.0,1.22,1.91,0.69,1.5029,0.33382199999999995,1.22,2.0,2.0,0.0,2.0,0.0,2.0,0.0,0.0,0.0,0.0,0.0,0.0,1.0,8.0,7.0,3.8699999999999997,3.3866,1.0,0.0,0.0,0.0,0.0,0.0,0.0,3.0,10.0,7.0,5.869999999999999,3.3865999999999996,3.0,0.0,0.0,0.0,0.0,0.0,0.0,0.0,0.0,0.0,0.0,0.0,0.0,2.0,9.0,7.0,6.13,3.3865999999999996,9.0,0.0,0.0,0.0,0.0,0.0,0.0,2.0,9.0,7.0,6.13,3.3865999999999996,9.0,10.32,32.365,22.045,23.32655,10.665371,32.365,0.0,0.0,0.0,0.0,0.0,0.0,0.0,0.5953947,0.5953947,0.244111827,0.28805195586,0.0,194.0,225.0,31.0,206.70999999999998,14.997799999999994,194.0
Ni0.40Y0.60,Ni0.4 Y0.6,28.0,39.0,11.0,34.6,5.279999999999999,39.0,12.0,61.0,49.0,31.6,23.52,12.0,58.6934,88.90585,30.212450000000004,76.82087,14.501976000000003,88.90585,1728.0,1799.0,71.0,1770.6,34.08000000000001,1799.0,3.0,10.0,7.0,5.8,3.3600000000000003,3.0,4.0,5.0,1.0,4.6,0.4800000000000001,5.0,124.0,190.0,66.0,163.6,31.68,190.0,1.22,1.91,0.69,1.496,0.33119999999999994,1.22,2.0,2.0,0.0,2.0,0.0,2.0,0.0,0.0,0.0,0.0,0.0,0.0,1.0,8.0,7.0,3.8000000000000003,3.36,1.0,0.0,0.0,0.0,0.0,0.0,0.0,3.0,10.0,7.0,5.8,3.3600000000000003,3.0,0.0,0.0,0.0,0.0,0.0,0.0,0.0,0.0,0.0,0.0,0.0,0.0,2.0,9.0,7.0,6.199999999999999,3.3600000000000003,9.0,0.0,0.0,0.0,0.0,0.0,0.0,2.0,9.0,7.0,6.199999999999999,3.3600000000000003,9.0,10.32,32.365,22.045,23.547,10.581600000000002,32.365,0.0,0.0,0.0,0.0,0.0,0.0,0.0,0.5953947,0.5953947,0.23815788000000004,0.28578945600000005,0.0,194.0,225.0,31.0,206.39999999999998,14.879999999999995,194.0
Ni0.39Y0.61,Ni0.39 Y0.61,28.0,39.0,11.0,34.71,5.2338,39.0,12.0,61.0,49.0,31.11,23.3142,12.0,58.6934,88.90585,30.212450000000004,77.1229945,14.37508371,88.90585,1728.0,1799.0,71.0,1771.31,33.78180000000002,1799.0,3.0,10.0,7.0,5.73,3.3306,3.0,4.0,5.0,1.0,4.609999999999999,0.4758000000000001,5.0,124.0,190.0,66.0,164.26,31.402800000000003,190.0,1.22,1.91,0.69,1.4891,0.328302,1.22,2.0,2.0,0.0,2.0,0.0,2.0,0.0,0.0,0.0,0.0,0.0,0.0,1.0,8.0,7.0,3.73,3.3305999999999996,1.0,0.0,0.0,0.0,0.0,0.0,0.0,3.0,10.0,7.0,5.73,3.3306,3.0,0.0,0.0,0.0,0.0,0.0,0.0,0.0,0.0,0.0,0.0,0.0,0.0,2.0,9.0,7.0,6.2700000000000005,3.3306,9.0,0.0,0.0,0.0,0.0,0.0,0.0,2.0,9.0,7.0,6.2700000000000005,3.3306,9.0,10.32,32.365,22.045,23.76745,10.489011000000001,32.365,0.0,0.0,0.0,0.0,0.0,0.0,0.0,0.5953947,0.5953947,0.23220393300000003,0.28328879826000003,0.0,194.0,225.0,31.0,206.09,14.7498,194.0
Ni0.38Y0.62,Ni0.38 Y0.62,28.0,39.0,11.0,34.82,5.183199999999999,39.0,12.0,61.0,49.0,30.619999999999997,23.0888,12.0,58.6934,88.90585,30.212450000000004,77.425119,14.236106440000004,88.90585,1728.0,1799.0,71.0,1772.02,33.455200000000005,1799.0,3.0,10.0,7.0,5.66,3.2984,3.0,4.0,5.0,1.0,4.62,0.47119999999999995,5.0,124.0,190.0,66.0,164.92,31.099200000000003,190.0,1.22,1.91,0.69,1.4822,0.325128,1.22,2.0,2.0,0.0,2.0,0.0,2.0,0.0,0.0,0.0,0.0,0.0,0.0,1.0,8.0,7.0,3.66,3.2984,1.0,0.0,0.0,0.0,0.0,0.0,0.0,3.0,10.0,7.0,5.66,3.2984,3.0,0.0,0.0,0.0,0.0,0.0,0.0,0.0,0.0,0.0,0.0,0.0,0.0,2.0,9.0,7.0,6.34,3.2984,9.0,0.0,0.0,0.0,0.0,0.0,0.0,2.0,9.0,7.0,6.34,3.2984,9.0,10.32,32.365,22.045,23.987900000000003,10.387604,32.365,0.0,0.0,0.0,0.0,0.0,0.0,0.0,0.5953947,0.5953947,0.22624998600000001,0.28054998264000003,0.0,194.0,225.0,31.0,205.78,14.607199999999999,194.0
Ni0.37Y0.63,Ni0.37 Y0.63,28.0,39.0,11.0,34.93,5.1282,39.0,12.0,61.0,49.0,30.130000000000003,22.8438,12.0,58.6934,88.90585,30.212450000000004,77.7272435,14.085044190000001,88.90585,1728.0,1799.0,71.0,1772.73,33.1002,1799.0,3.0,10.0,7.0,5.59,3.2634,3.0,4.0,5.0,1.0,4.63,0.4662,5.0,124.0,190.0,66.0,165.58,30.769199999999998,190.0,1.22,1.91,0.69,1.4752999999999998,0.32167799999999996,1.22,2.0,2.0,0.0,2.0,0.0,2.0,0.0,0.0,0.0,0.0,0.0,0.0,1.0,8.0,7.0,3.59,3.2634,1.0,0.0,0.0,0.0,0.0,0.0,0.0,3.0,10.0,7.0,5.59,3.2634,3.0,0.0,0.0,0.0,0.0,0.0,0.0,0.0,0.0,0.0,0.0,0.0,0.0,2.0,9.0,7.0,6.41,3.2634,9.0,0.0,0.0,0.0,0.0,0.0,0.0,2.0,9.0,7.0,6.41,3.2634,9.0,10.32,32.365,22.045,24.208350000000003,10.277379,32.365,0.0,0.0,0.0,0.0,0.0,0.0,0.0,0.5953947,0.5953947,0.22029603900000003,0.27757300914000005,0.0,194.0,225.0,31.0,205.47,14.452200000000001,194.0
Ni0.36Y0.64,Ni0.36 Y0.64,28.0,39.0,11.0,35.04,5.0688,39.0,12.0,61.0,49.0,29.64,22.5792,12.0,58.6934,88.90585,30.212450000000004,78.029368,13.92189696,88.90585,1728.0,1799.0,71.0,1773.44,32.71679999999998,1799.0,3.0,10.0,7.0,5.52,3.2256,3.0,4.0,5.0,1.0,4.640000000000001,0.4607999999999998,5.0,124.0,190.0,66.0,166.24,30.412799999999997,190.0,1.22,1.91,0.69,1.4684,0.31795199999999996,1.22,2.0,2.0,0.0,2.0,0.0,2.0,0.0,0.0,0.0,0.0,0.0,0.0,1.0,8.0,7.0,3.52,3.2256,1.0,0.0,0.0,0.0,0.0,0.0,0.0,3.0,10.0,7.0,5.52,3.2256,3.0,0.0,0.0,0.0,0.0,0.0,0.0,0.0,0.0,0.0,0.0,0.0,0.0,2.0,9.0,7.0,6.4799999999999995,3.2256,9.0,0.0,0.0,0.0,0.0,0.0,0.0,2.0,9.0,7.0,6.4799999999999995,3.2256,9.0,10.32,32.365,22.045,24.428800000000003,10.158336000000002,32.365,0.0,0.0,0.0,0.0,0.0,0.0,0.0,0.5953947,0.5953947,0.214342092,0.27435787776000004,0.0,194.0,225.0,31.0,205.16,14.284799999999999,194.0
Ni0.35Y0.65,Ni0.35 Y0.65,28.0,39.0,11.0,35.15,5.005000000000001,39.0,12.0,61.0,49.0,29.15,22.294999999999998,12.0,58.6934,88.90585,30.212450000000004,78.3314925,13.746664750000003,88.90585,1728.0,1799.0,71.0,1774.15,32.30499999999998,1799.0,3.0,10.0,7.0,5.45,3.185,3.0,4.0,5.0,1.0,4.65,0.4549999999999999,5.0,124.0,190.0,66.0,166.9,30.029999999999998,190.0,1.22,1.91,0.69,1.4615,0.31394999999999995,1.22,2.0,2.0,0.0,2.0,0.0,2.0,0.0,0.0,0.0,0.0,0.0,0.0,1.0,8.0,7.0,3.4499999999999997,3.185,1.0,0.0,0.0,0.0,0.0,0.0,0.0,3.0,10.0,7.0,5.45,3.185,3.0,0.0,0.0,0.0,0.0,0.0,0.0,0.0,0.0,0.0,0.0,0.0,0.0,2.0,9.0,7.0,6.550000000000001,3.1849999999999996,9.0,0.0,0.0,0.0,0.0,0.0,0.0,2.0,9.0,7.0,6.550000000000001,3.1849999999999996,9.0,10.32,32.365,22.045,24.649250000000002,10.030475000000001,32.365,0.0,0.0,0.0,0.0,0.0,0.0,0.0,0.5953947,0.5953947,0.208388145,0.2709045885,0.0,194.0,225.0,31.0,204.85000000000002,14.105000000000008,194.0
Ni0.34Y0.66,Ni0.34 Y0.66,28.0,39.0,11.0,35.260000000000005,4.936799999999998,39.0,12.0,61.0,49.0,28.660000000000004,21.991200000000003,12.0,58.6934,88.90585,30.212450000000004,78.633617,13.559347560000003,88.90585,1728.0,1799.0,71.0,1774.8600000000001,31.86479999999996,1799.0,3.0,10.0,7.0,5.380000000000001,3.1416000000000004,3.0,4.0,5.0,1.0,4.66,0.4488,5.0,124.0,190.0,66.0,167.56,29.620800000000003,190.0,1.22,1.91,0.69,1.4546000000000001,0.30967200000000006,1.22,2.0,2.0,0.0,2.0,0.0,2.0,0.0,0.0,0.0,0.0,0.0,0.0,1.0,8.0,7.0,3.3800000000000003,3.1416,1.0,0.0,0.0,0.0,0.0,0.0,0.0,3.0,10.0,7.0,5.380000000000001,3.1416000000000004,3.0,0.0,0.0,0.0,0.0,0.0,0.0,0.0,0.0,0.0,0.0,0.0,0.0,2.0,9.0,7.0,6.62,3.1416000000000004,9.0,0.0,0.0,0.0,0.0,0.0,0.0,2.0,9.0,7.0,6.62,3.1416000000000004,9.0,10.32,32.365,22.045,24.8697,9.893796000000002,32.365,0.0,0.0,0.0,0.0,0.0,0.0,0.0,0.5953947,0.5953947,0.20243419800000004,0.2672131413600001,0.0,194.0,225.0,31.0,204.54,13.912799999999997,194.0
Ni0.33Y0.67,Ni0.33 Y0.67,28.0,39.0,11.0,35.370000000000005,4.8641999999999985,39.0,12.0,61.0,49.0,28.17,21.6678,12.0,58.6934,88.90585,30.212450000000004,78.9357415,13.35994539,88.90585,1728.0,1799.0,71.0,1775.5700000000002,31.396199999999947,1799.0,3.0,10.0,7.0,5.3100000000000005,3.0954000000000006,3.0,4.0,5.0,1.0,4.67,0.44220000000000004,5.0,124.0,190.0,66.0,168.22000000000003,29.185199999999995,190.0,1.22,1.91,0.69,1.4477,0.305118,1.22,2.0,2.0,0.0,2.0,0.0,2.0,0.0,0.0,0.0,0.0,0.0,0.0,1.0,8.0,7.0,3.31,3.0953999999999997,1.0,0.0,0.0,0.0,0.0,0.0,0.0,3.0,10.0,7.0,5.3100000000000005,3.0954000000000006,3.0,0.0,0.0,0.0,0.0,0.0,0.0,0.0,0.0,0.0,0.0,0.0,0.0,2.0,9.0,7.0,6.69,3.0954,9.0,0.0,0.0,0.0,0.0,0.0,0.0,2.0,9.0,7.0,6.69,3.0954,9.0,10.32,32.365,22.045,25.09015,9.748299000000001,32.365,0.0,0.0,0.0,0.0,0.0,0.0,0.0,0.5953947,0.5953947,0.19648025100000002,0.26328353634000007,0.0,194.0,225.0,31.0,204.23000000000002,13.708200000000007,194.0
Ni0.32Y0.68,Ni0.32 Y0.68,28.0,39.0,11.0,35.480000000000004,4.787199999999999,39.0,12.0,61.0,49.0,27.68,21.3248,12.0,58.6934,88.90585,30.212450000000004,79.237866,13.148458240000004,88.90585,1728.0,1799.0,71.0,1776.2800000000002,30.89919999999993,1799.0,3.0,10.0,7.0,5.24,3.0464,3.0,4.0,5.0,1.0,4.680000000000001,0.4351999999999998,5.0,124.0,190.0,66.0,168.88000000000002,28.72319999999999,190.0,1.22,1.91,0.69,1.4407999999999999,0.300288,1.22,2.0,2.0,0.0,2.0,0.0,2.0,0.0,0.0,0.0,0.0,0.0,0.0,1.0,8.0,7.0,3.24,3.0464,1.0,0.0,0.0,0.0,0.0,0.0,0.0,3.0,10.0,7.0,5.24,3.0464,3.0,0.0,0.0,0.0,0.0,0.0,0.0,0.0,0.0,0.0,0.0,0.0,0.0,2.0,9.0,7.0,6.76,3.0464,9.0,0.0,0.0,0.0,0.0,0.0,0.0,2.0,9.0,7.0,6.76,3.0464,9.0,10.32,32.365,22.045,25.3106,9.593984000000003,32.365,0.0,0.0,0.0,0.0,0.0,0.0,0.0,0.5953947,0.5953947,0.19052630400000004,0.25911577344000003,0.0,194.0,225.0,31.0,203.92000000000002,13.491200000000006,194.0
Ni0.31Y0.69,Ni0.31 Y0.69,28.0,39.0,11.0,35.589999999999996,4.705800000000001,39.0,12.0,61.0,49.0,27.189999999999998,20.9622,12.0,58.6934,88.90585,30.212450000000004,79.5399905,12.92488611,88.90585,1728.0,1799.0,71.0,1776.9899999999998,30.37380000000008,1799.0,3.0,10.0,7.0,5.17,2.9946,3.0,4.0,5.0,1.0,4.6899999999999995,0.4278000000000002,5.0,124.0,190.0,66.0,169.54,28.234800000000003,190.0,1.22,1.91,0.69,1.4339,0.29518199999999994,1.22,2.0,2.0,0.0,2.0,0.0,2.0,0.0,0.0,0.0,0.0,0.0,0.0,1.0,8.0,7.0,3.17,2.9946,1.0,0.0,0.0,0.0,0.0,0.0,0.0,3.0,10.0,7.0,5.17,2.9946,3.0,0.0,0.0,0.0,0.0,0.0,0.0,0.0,0.0,0.0,0.0,0.0,0.0,2.0,9.0,7.0,6.829999999999999,2.9946,9.0,0.0,0.0,0.0,0.0,0.0,0.0,2.0,9.0,7.0,6.829999999999999,2.9946,9.0,10.32,32.365,22.045,25.53105,9.430851,32.365,0.0,0.0,0.0,0.0,0.0,0.0,0.0,0.5953947,0.5953947,0.18457235700000002,0.25470985266,0.0,194.0,225.0,31.0,203.60999999999999,13.261799999999994,194.0
Ni0.30Y0.70,Ni0.3 Y0.7,28.0,39.0,11.0,35.699999999999996,4.620000000000001,39.0,12.0,61.0,49.0,26.7,20.58,12.0,58.6934,88.90585,30.212450000000004,79.84211499999999,12.689229000000005,88.90585,1728.0,1799.0,71.0,1777.6999999999998,29.82000000000007,1799.0,3.0,10.0,7.0,5.1,2.9399999999999995,3.0,4.0,5.0,1.0,4.7,0.41999999999999993,5.0,124.0,190.0,66.0,170.2,27.720000000000002,190.0,1.22,1.91,0.69,1.427,0.28979999999999995,1.22,2.0,2.0,0.0,2.0,0.0,2.0,0.0,0.0,0.0,0.0,0.0,0.0,1.0,8.0,7.0,3.0999999999999996,2.9399999999999995,1.0,0.0,0.0,0.0,0.0,0.0,0.0,3.0,10.0,7.0,5.1,2.9399999999999995,3.0,0.0,0.0,0.0,0.0,0.0,0.0,0.0,0.0,0.0,0.0,0.0,0.0,2.0,9.0,7.0,6.8999999999999995,2.94,9.0,0.0,0.0,0.0,0.0,0.0,0.0,2.0,9.0,7.0,6.8999999999999995,2.94,9.0,10.32,32.365,22.045,25.7515,9.2589,32.365,0.0,0.0,0.0,0.0,0.0,0.0,0.0,0.5953947,0.5953947,0.17861841,0.250065774,0.0,194.0,225.0,31.0,203.29999999999998,13.019999999999992,194.0
Ni0.29Y0.71,Ni0.29 Y0.71,28.0,39.0,11.0,35.809999999999995,4.529800000000002,39.0,12.0,61.0,49.0,26.209999999999997,20.1782,12.0,58.6934,88.90585,30.212450000000004,80.1442395,12.441486910000002,88.90585,1728.0,1799.0,71.0,1778.4099999999999,29.23780000000006,1799.0,3.0,10.0,7.0,5.029999999999999,2.8825999999999996,3.0,4.0,5.0,1.0,4.71,0.4118,5.0,124.0,190.0,66.0,170.86,27.178799999999992,190.0,1.22,1.91,0.69,1.4201,0.28414199999999995,1.22,2.0,2.0,0.0,2.0,0.0,2.0,0.0,0.0,0.0,0.0,0.0,0.0,1.0,8.0,7.0,3.03,2.8826,1.0,0.0,0.0,0.0,0.0,0.0,0.0,3.0,10.0,7.0,5.029999999999999,2.8825999999999996,3.0,0.0,0.0,0.0,0.0,0.0,0.0,0.0,0.0,0.0,0.0,0.0,0.0,2.0,9.0,7.0,6.97,2.8826,9.0,0.0,0.0,0.0,0.0,0.0,0.0,2.0,9.0,7.0,6.97,2.8826,9.0,10.32,32.365,22.045,25.97195,9.078131,32.365,0.0,0.0,0.0,0.0,0.0,0.0,0.0,0.5953947,0.5953947,0.172664463,0.24518353746,0.0,194.0,225.0,31.0,202.98999999999998,12.765799999999992,194.0
Ni0.28Y0.72,Ni0.28 Y0.72,28.0,39.0,11.0,35.92,4.4352,39.0,12.0,61.0,49.0,25.720000000000002,19.756800000000002,12.0,58.6934,88.90585,30.212450000000004,80.446364,12.18165984,88.90585,1728.0,1799.0,71.0,1779.12,28.627200000000048,1799.0,3.0,10.0,7.0,4.960000000000001,2.8224,3.0,4.0,5.0,1.0,4.72,0.4032000000000001,5.0,124.0,190.0,66.0,171.51999999999998,26.61120000000001,190.0,1.22,1.91,0.69,1.4132,0.278208,1.22,2.0,2.0,0.0,2.0,0.0,2.0,0.0,0.0,0.0,0.0,0.0,0.0,1.0,8.0,7.0,2.96,2.8224,1.0,0.0,0.0,0.0,0.0,0.0,0.0,3.0,10.0,7.0,4.960000000000001,2.8224,3.0,0.0,0.0,0.0,0.0,0.0,0.0,0.0,0.0,0.0,0.0,0.0,0.0,2.0,9.0,7.0,7.039999999999999,2.8224,9.0,0.0,0.0,0.0,0.0,0.0,0.0,2.0,9.0,7.0,7.039999999999999,2.8224,9.0,10.32,32.365,22.045,26.192400000000003,8.888544,32.365,0.0,0.0,0.0,0.0,0.0,0.0,0.0,0.5953947,0.5953947,0.16671051600000003,0.24006314304000004,0.0,194.0,225.0,31.0,202.68,12.499200000000002,194.0
Ni0.27Y0.73,Ni0.27 Y0.73,28.0,39.0,11.0,36.03,4.3362,39.0,12.0,61.0,49.0,25.230000000000004,19.315800000000003,12.0,58.6934,88.90585,30.212450000000004,80.7484885,11.909747790000004,88.90585,1728.0,1799.0,71.0,1779.83,27.988200000000035,1799.0,3.0,10.0,7.0,4.890000000000001,2.7594000000000003,3.0,4.0,5.0,1.0,4.73,0.39419999999999983,5.0,124.0,190.0,66.0,172.18,26.017199999999995,190.0,1.22,1.91,0.69,1.4062999999999999,0.27199799999999996,1.22,2.0,2.0,0.0,2.0,0.0,2.0,0.0,0.0,0.0,0.0,0.0,0.0,1.0,8.0,7.0,2.89,2.7594000000000003,1.0,0.0,0.0,0.0,0.0,0.0,0.0,3.0,10.0,7.0,4.890000000000001,2.7594000000000003,3.0,0.0,0.0,0.0,0.0,0.0,0.0,0.0,0.0,0.0,0.0,0.0,0.0,2.0,9.0,7.0,7.11,2.7594,9.0,0.0,0.0,0.0,0.0,0.0,0.0,2.0,9.0,7.0,7.11,2.7594,9.0,10.32,32.365,22.045,26.412850000000002,8.690139,32.365,0.0,0.0,0.0,0.0,0.0,0.0,0.0,0.5953947,0.5953947,0.16075656900000002,0.23470459074000002,0.0,194.0,225.0,31.0,202.37,12.220200000000002,194.0
Ni0.26Y0.74,Ni0.26 Y0.74,28.0,39.0,11.0,36.14,4.232799999999999,39.0,12.0,61.0,49.0,24.740000000000002,18.855200000000004,12.0,58.6934,88.90585,30.212450000000004,81.050613,11.625750760000003,88.90585,1728.0,1799.0,71.0,1780.54,27.32080000000002,1799.0,3.0,10.0,7.0,4.82,2.6936,3.0,4.0,5.0,1.0,4.74,0.3847999999999999,5.0,124.0,190.0,66.0,172.84,25.3968,190.0,1.22,1.91,0.69,1.3994,0.26551199999999997,1.22,2.0,2.0,0.0,2.0,0.0,2.0,0.0,0.0,0.0,0.0,0.0,0.0,1.0,8.0,7.0,2.8200000000000003,2.6936,1.0,0.0,0.0,0.0,0.0,0.0,0.0,3.0,10.0,7.0,4.82,2.6936,3.0,0.0,0.0,0.0,0.0,0.0,0.0,0.0,0.0,0.0,0.0,0.0,0.0,2.0,9.0,7.0,7.18,2.6936,9.0,0.0,0.0,0.0,0.0,0.0,0.0,2.0,9.0,7.0,7.18,2.6936,9.0,10.32,32.365,22.045,26.633300000000002,8.482916,32.365,0.0,0.0,0.0,0.0,0.0,0.0,0.0,0.5953947,0.5953947,0.15480262200000003,0.22910788056000003,0.0,194.0,225.0,31.0,202.06,11.9288,194.0
Ni0.25Y0.75,Ni0.25 Y0.75,28.0,39.0,11.0,36.25,4.125,39.0,12.0,61.0,49.0,24.25,18.375,12.0,58.6934,88.90585,30.212450000000004,81.3527375,11.32966875,88.90585,1728.0,1799.0,71.0,1781.25,26.625,1799.0,3.0,10.0,7.0,4.75,2.625,3.0,4.0,5.0,1.0,4.75,0.375,5.0,124.0,190.0,66.0,173.5,24.75,190.0,1.22,1.91,0.69,1.3925,0.25875000000000004,1.22,2.0,2.0,0.0,2.0,0.0,2.0,0.0,0.0,0.0,0.0,0.0,0.0,1.0,8.0,7.0,2.75,2.625,1.0,0.0,0.0,0.0,0.0,0.0,0.0,3.0,10.0,7.0,4.75,2.625,3.0,0.0,0.0,0.0,0.0,0.0,0.0,0.0,0.0,0.0,0.0,0.0,0.0,2.0,9.0,7.0,7.25,2.625,9.0,0.0,0.0,0.0,0.0,0.0,0.0,2.0,9.0,7.0,7.25,2.625,9.0,10.32,32.365,22.045,26.853749999999998,8.266875000000002,32.365,0.0,0.0,0.0,0.0,0.0,0.0,0.0,0.5953947,0.5953947,0.148848675,0.22327301250000003,0.0,194.0,225.0,31.0,201.75,11.625,194.0
Ni0.24Y0.76,Ni0.24 Y0.76,28.0,39.0,11.0,36.36,4.0128,39.0,12.0,61.0,49.0,23.759999999999998,17.8752,12.0,58.6934,88.90585,30.212450000000004,81.654862,11.021501760000003,88.90585,1728.0,1799.0,71.0,1781.96,25.900799999999983,1799.0,3.0,10.0,7.0,4.68,2.5535999999999994,3.0,4.0,5.0,1.0,4.76,0.3648000000000001,5.0,124.0,190.0,66.0,174.16,24.076800000000002,190.0,1.22,1.91,0.69,1.3856,0.25171199999999994,1.22,2.0,2.0,0.0,2.0,0.0,2.0,0.0,0.0,0.0,0.0,0.0,0.0,1.0,8.0,7.0,2.6799999999999997,2.5535999999999994,1.0,0.0,0.0,0.0,0.0,0.0,0.0,3.0,10.0,7.0,4.68,2.5535999999999994,3.0,0.0,0.0,0.0,0.0,0.0,0.0,0.0,0.0,0.0,0.0,0.0,0.0,2.0,9.0,7.0,7.32,2.5535999999999994,9.0,0.0,0.0,0.0,0.0,0.0,0.0,2.0,9.0,7.0,7.32,2.5535999999999994,9.0,10.32,32.365,22.045,27.0742,8.042016,32.365,0.0,0.0,0.0,0.0,0.0,0.0,0.0,0.5953947,0.5953947,0.142894728,0.21719998656,0.0,194.0,225.0,31.0,201.44,11.308799999999998,194.0
Ni0.23Y0.77,Ni0.23 Y0.77,28.0,39.0,11.0,36.47,3.8962000000000003,39.0,12.0,61.0,49.0,23.270000000000003,17.355800000000002,12.0,58.6934,88.90585,30.212450000000004,81.9569865,10.701249790000002,88.90585,1728.0,1799.0,71.0,1782.67,25.14819999999996,1799.0,3.0,10.0,7.0,4.61,2.4794,3.0,4.0,5.0,1.0,4.7700000000000005,0.35419999999999974,5.0,124.0,190.0,66.0,174.82000000000002,23.377199999999988,190.0,1.22,1.91,0.69,1.3787,0.24439800000000003,1.22,2.0,2.0,0.0,2.0,0.0,2.0,0.0,0.0,0.0,0.0,0.0,0.0,1.0,8.0,7.0,2.6100000000000003,2.4794,1.0,0.0,0.0,0.0,0.0,0.0,0.0,3.0,10.0,7.0,4.61,2.4794,3.0,0.0,0.0,0.0,0.0,0.0,0.0,0.0,0.0,0.0,0.0,0.0,0.0,2.0,9.0,7.0,7.39,2.4794,9.0,0.0,0.0,0.0,0.0,0.0,0.0,2.0,9.0,7.0,7.39,2.4794,9.0,10.32,32.365,22.045,27.29465,7.808339000000001,32.365,0.0,0.0,0.0,0.0,0.0,0.0,0.0,0.5953947,0.5953947,0.136940781,0.21088880274000002,0.0,194.0,225.0,31.0,201.13,10.980199999999996,194.0
Ni0.22Y0.78,Ni0.22 Y0.78,28.0,39.0,11.0,36.58,3.775200000000001,39.0,12.0,61.0,49.0,22.78,16.8168,12.0,58.6934,88.90585,30.212450000000004,82.259111,10.36891284,88.90585,1728.0,1799.0,71.0,1783.38,24.36719999999994,1799.0,3.0,10.0,7.0,4.54,2.4024,3.0,4.0,5.0,1.0,4.78,0.34319999999999984,5.0,124.0,190.0,66.0,175.48000000000002,22.65119999999999,190.0,1.22,1.91,0.69,1.3718,0.23680799999999996,1.22,2.0,2.0,0.0,2.0,0.0,2.0,0.0,0.0,0.0,0.0,0.0,0.0,1.0,8.0,7.0,2.54,2.4024,1.0,0.0,0.0,0.0,0.0,0.0,0.0,3.0,10.0,7.0,4.54,2.4024,3.0,0.0,0.0,0.0,0.0,0.0,0.0,0.0,0.0,0.0,0.0,0.0,0.0,2.0,9.0,7.0,7.460000000000001,2.4023999999999996,9.0,0.0,0.0,0.0,0.0,0.0,0.0,2.0,9.0,7.0,7.460000000000001,2.4023999999999996,9.0,10.32,32.365,22.045,27.5151,7.565844000000002,32.365,0.0,0.0,0.0,0.0,0.0,0.0,0.0,0.5953947,0.5953947,0.13098683400000002,0.20433946104000003,0.0,194.0,225.0,31.0,200.82,10.639199999999995,194.0
Ni0.21Y0.79,Ni0.21 Y0.79,28.0,39.0,11.0,36.690000000000005,3.6497999999999973,39.0,12.0,61.0,49.0,22.29,16.2582,12.0,58.6934,88.90585,30.212450000000004,82.56123550000001,10.024490909999995,88.90585,1728.0,1799.0,71.0,1784.0900000000001,23.557799999999915,1799.0,3.0,10.0,7.0,4.470000000000001,2.3226000000000004,3.0,4.0,5.0,1.0,4.79,0.3318,5.0,124.0,190.0,66.0,176.14,21.89880000000001,190.0,1.22,1.91,0.69,1.3649,0.228942,1.22,2.0,2.0,0.0,2.0,0.0,2.0,0.0,0.0,0.0,0.0,0.0,0.0,1.0,8.0,7.0,2.4699999999999998,2.3225999999999996,1.0,0.0,0.0,0.0,0.0,0.0,0.0,3.0,10.0,7.0,4.470000000000001,2.3226000000000004,3.0,0.0,0.0,0.0,0.0,0.0,0.0,0.0,0.0,0.0,0.0,0.0,0.0,2.0,9.0,7.0,7.53,2.3225999999999996,9.0,0.0,0.0,0.0,0.0,0.0,0.0,2.0,9.0,7.0,7.53,2.3225999999999996,9.0,10.32,32.365,22.045,27.735550000000003,7.314531,32.365,0.0,0.0,0.0,0.0,0.0,0.0,0.0,0.5953947,0.5953947,0.125032887,0.19755196146000004,0.0,194.0,225.0,31.0,200.51000000000002,10.28580000000001,194.0
Ni0.20Y0.80,Ni0.2 Y0.8,28.0,39.0,11.0,36.800000000000004,3.519999999999998,39.0,12.0,61.0,49.0,21.800000000000004,15.680000000000003,12.0,58.6934,88.90585,30.212450000000004,82.86336,9.667984000000002,88.90585,1728.0,1799.0,71.0,1784.8000000000002,22.719999999999892,1799.0,3.0,10.0,7.0,4.4,2.24,3.0,4.0,5.0,1.0,4.8,0.3200000000000001,5.0,124.0,190.0,66.0,176.8,21.119999999999994,190.0,1.22,1.91,0.69,1.358,0.22080000000000008,1.22,2.0,2.0,0.0,2.0,0.0,2.0,0.0,0.0,0.0,0.0,0.0,0.0,1.0,8.0,7.0,2.4000000000000004,2.24,1.0,0.0,0.0,0.0,0.0,0.0,0.0,3.0,10.0,7.0,4.4,2.24,3.0,0.0,0.0,0.0,0.0,0.0,0.0,0.0,0.0,0.0,0.0,0.0,0.0,2.0,9.0,7.0,7.6000000000000005,2.2399999999999998,9.0,0.0,0.0,0.0,0.0,0.0,0.0,2.0,9.0,7.0,7.6000000000000005,2.2399999999999998,9.0,10.32,32.365,22.045,27.956000000000003,7.054399999999999,32.365,0.0,0.0,0.0,0.0,0.0,0.0,0.0,0.5953947,0.5953947,0.11907894000000002,0.19052630400000004,0.0,194.0,225.0,31.0,200.20000000000002,9.920000000000012,194.0
Ni0.19Y0.81,Ni0.19 Y0.81,28.0,39.0,11.0,36.910000000000004,3.385799999999998,39.0,12.0,61.0,49.0,21.310000000000002,15.0822,12.0,58.6934,88.90585,30.212450000000004,83.1654845,9.29939211,88.90585,1728.0,1799.0,71.0,1785.51,21.853800000000007,1799.0,3.0,10.0,7.0,4.33,2.1546000000000003,3.0,4.0,5.0,1.0,4.8100000000000005,0.30779999999999974,5.0,124.0,190.0,66.0,177.46,20.314799999999995,190.0,1.22,1.91,0.69,1.3511000000000002,0.21238200000000013,1.22,2.0,2.0,0.0,2.0,0.0,2.0,0.0,0.0,0.0,0.0,0.0,0.0,1.0,8.0,7.0,2.33,2.1546000000000003,1.0,0.0,0.0,0.0,0.0,0.0,0.0,3.0,10.0,7.0,4.33,2.1546000000000003,3.0,0.0,0.0,0.0,0.0,0.0,0.0,0.0,0.0,0.0,0.0,0.0,0.0,2.0,9.0,7.0,7.670000000000001,2.1545999999999994,9.0,0.0,0.0,0.0,0.0,0.0,0.0,2.0,9.0,7.0,7.670000000000001,2.1545999999999994,9.0,10.32,32.365,22.045,28.176450000000003,6.785451,32.365,0.0,0.0,0.0,0.0,0.0,0.0,0.0,0.5953947,0.5953947,0.11312499300000001,0.18326248866000003,0.0,194.0,225.0,31.0,199.89000000000001,9.54180000000001,194.0
Ni0.18Y0.82,Ni0.18 Y0.82,28.0,39.0,11.0,37.019999999999996,3.2472000000000025,39.0,12.0,61.0,49.0,20.82,14.4648,12.0,58.6934,88.90585,30.212450000000004,83.467609,8.918715240000004,88.90585,1728.0,1799.0,71.0,1786.2199999999998,20.959200000000127,1799.0,3.0,10.0,7.0,4.26,2.0664,3.0,4.0,5.0,1.0,4.819999999999999,0.29520000000000035,5.0,124.0,190.0,66.0,178.11999999999998,19.483200000000014,190.0,1.22,1.91,0.69,1.3441999999999998,0.20368799999999987,1.22,2.0,2.0,0.0,2.0,0.0,2.0,0.0,0.0,0.0,0.0,0.0,0.0,1.0,8.0,7.0,2.26,2.0664,1.0,0.0,0.0,0.0,0.0,0.0,0.0,3.0,10.0,7.0,4.26,2.0664,3.0,0.0,0.0,0.0,0.0,0.0,0.0,0.0,0.0,0.0,0.0,0.0,0.0,2.0,9.0,7.0,7.74,2.0664,9.0,0.0,0.0,0.0,0.0,0.0,0.0,2.0,9.0,7.0,7.74,2.0664,9.0,10.32,32.365,22.045,28.396900000000002,6.507683999999999,32.365,0.0,0.0,0.0,0.0,0.0,0.0,0.0,0.5953947,0.5953947,0.107171046,0.17576051544,0.0,194.0,225.0,31.0,199.57999999999998,9.151199999999989,194.0
Ni0.17Y0.83,Ni0.17 Y0.83,28.0,39.0,11.0,37.129999999999995,3.104200000000003,39.0,12.0,61.0,49.0,20.33,13.8278,12.0,58.6934,88.90585,30.212450000000004,83.7697335,8.525953390000002,88.90585,1728.0,1799.0,71.0,1786.9299999999998,20.036200000000107,1799.0,3.0,10.0,7.0,4.1899999999999995,1.9753999999999996,3.0,4.0,5.0,1.0,4.829999999999999,0.28220000000000056,5.0,124.0,190.0,66.0,178.78,18.6252,190.0,1.22,1.91,0.69,1.3373,0.19471799999999995,1.22,2.0,2.0,0.0,2.0,0.0,2.0,0.0,0.0,0.0,0.0,0.0,0.0,1.0,8.0,7.0,2.19,1.9754,1.0,0.0,0.0,0.0,0.0,0.0,0.0,3.0,10.0,7.0,4.1899999999999995,1.9753999999999996,3.0,0.0,0.0,0.0,0.0,0.0,0.0,0.0,0.0,0.0,0.0,0.0,0.0,2.0,9.0,7.0,7.81,1.9754000000000003,9.0,0.0,0.0,0.0,0.0,0.0,0.0,2.0,9.0,7.0,7.81,1.9754000000000003,9.0,10.32,32.365,22.045,28.617350000000002,6.221099000000001,32.365,0.0,0.0,0.0,0.0,0.0,0.0,0.0,0.5953947,0.5953947,0.10121709900000002,0.16802038434000002,0.0,194.0,225.0,31.0,199.26999999999998,8.748199999999986,194.0
Ni0.16Y0.84,Ni0.16 Y0.84,28.0,39.0,11.0,37.239999999999995,2.9568000000000034,39.0,12.0,61.0,49.0,19.84,13.171199999999999,12.0,58.6934,88.90585,30.212450000000004,84.071858,8.121106559999998,88.90585,1728.0,1799.0,71.0,1787.6399999999999,19.084800000000087,1799.0,3.0,10.0,7.0,4.12,1.8816000000000002,3.0,4.0,5.0,1.0,4.84,0.2688000000000001,5.0,124.0,190.0,66.0,179.44,17.7408,190.0,1.22,1.91,0.69,1.3304,0.18547200000000003,1.22,2.0,2.0,0.0,2.0,0.0,2.0,0.0,0.0,0.0,0.0,0.0,0.0,1.0,8.0,7.0,2.12,1.8816000000000002,1.0,0.0,0.0,0.0,0.0,0.0,0.0,3.0,10.0,7.0,4.12,1.8816000000000002,3.0,0.0,0.0,0.0,0.0,0.0,0.0,0.0,0.0,0.0,0.0,0.0,0.0,2.0,9.0,7.0,7.88,1.8816000000000002,9.0,0.0,0.0,0.0,0.0,0.0,0.0,2.0,9.0,7.0,7.88,1.8816000000000002,9.0,10.32,32.365,22.045,28.8378,5.925696,32.365,0.0,0.0,0.0,0.0,0.0,0.0,0.0,0.5953947,0.5953947,0.09526315200000002,0.16004209536000003,0.0,194.0,225.0,31.0,198.96,8.332800000000006,194.0
Ni0.15Y0.85,Ni0.15 Y0.85,28.0,39.0,11.0,37.35,2.804999999999999,39.0,12.0,61.0,49.0,19.35,12.495000000000001,12.0,58.6934,88.90585,30.212450000000004,84.37398250000001,7.704174749999993,88.90585,1728.0,1799.0,71.0,1788.35,18.10500000000006,1799.0,3.0,10.0,7.0,4.05,1.7849999999999997,3.0,4.0,5.0,1.0,4.85,0.2550000000000002,5.0,124.0,190.0,66.0,180.1,16.830000000000005,190.0,1.22,1.91,0.69,1.3235,0.17594999999999994,1.22,2.0,2.0,0.0,2.0,0.0,2.0,0.0,0.0,0.0,0.0,0.0,0.0,1.0,8.0,7.0,2.05,1.7849999999999997,1.0,0.0,0.0,0.0,0.0,0.0,0.0,3.0,10.0,7.0,4.05,1.7849999999999997,3.0,0.0,0.0,0.0,0.0,0.0,0.0,0.0,0.0,0.0,0.0,0.0,0.0,2.0,9.0,7.0,7.949999999999999,1.7850000000000006,9.0,0.0,0.0,0.0,0.0,0.0,0.0,2.0,9.0,7.0,7.949999999999999,1.7850000000000006,9.0,10.32,32.365,22.045,29.05825,5.621475,32.365,0.0,0.0,0.0,0.0,0.0,0.0,0.0,0.5953947,0.5953947,0.089309205,0.1518256485,0.0,194.0,225.0,31.0,198.65,7.905000000000003,194.0
Ni0.14Y0.86,Ni0.14 Y0.86,28.0,39.0,11.0,37.46,2.6487999999999996,39.0,12.0,61.0,49.0,18.86,11.799199999999999,12.0,58.6934,88.90585,30.212450000000004,84.676107,7.2751579600000005,88.90585,1728.0,1799.0,71.0,1789.06,17.09680000000004,1799.0,3.0,10.0,7.0,3.9800000000000004,1.6856000000000004,3.0,4.0,5.0,1.0,4.859999999999999,0.24080000000000043,5.0,124.0,190.0,66.0,180.76000000000002,15.892799999999987,190.0,1.22,1.91,0.69,1.3166,0.16615200000000002,1.22,2.0,2.0,0.0,2.0,0.0,2.0,0.0,0.0,0.0,0.0,0.0,0.0,1.0,8.0,7.0,1.98,1.6856,1.0,0.0,0.0,0.0,0.0,0.0,0.0,3.0,10.0,7.0,3.9800000000000004,1.6856000000000004,3.0,0.0,0.0,0.0,0.0,0.0,0.0,0.0,0.0,0.0,0.0,0.0,0.0,2.0,9.0,7.0,8.02,1.6856000000000004,9.0,0.0,0.0,0.0,0.0,0.0,0.0,2.0,9.0,7.0,8.02,1.6856000000000004,9.0,10.32,32.365,22.045,29.2787,5.308436000000001,32.365,0.0,0.0,0.0,0.0,0.0,0.0,0.0,0.5953947,0.5953947,0.08335525800000002,0.14337104376000004,0.0,194.0,225.0,31.0,198.34,7.464800000000002,194.0
Ni0.13Y0.87,Ni0.13 Y0.87,28.0,39.0,11.0,37.57,2.4882,39.0,12.0,61.0,49.0,18.37,11.0838,12.0,58.6934,88.90585,30.212450000000004,84.9782315,6.8340561899999965,88.90585,1728.0,1799.0,71.0,1789.77,16.060200000000012,1799.0,3.0,10.0,7.0,3.91,1.5834000000000001,3.0,4.0,5.0,1.0,4.869999999999999,0.2262000000000006,5.0,124.0,190.0,66.0,181.42000000000002,14.929199999999987,190.0,1.22,1.91,0.69,1.3096999999999999,0.1560779999999999,1.22,2.0,2.0,0.0,2.0,0.0,2.0,0.0,0.0,0.0,0.0,0.0,0.0,1.0,8.0,7.0,1.9100000000000001,1.5834000000000001,1.0,0.0,0.0,0.0,0.0,0.0,0.0,3.0,10.0,7.0,3.91,1.5834000000000001,3.0,0.0,0.0,0.0,0.0,0.0,0.0,0.0,0.0,0.0,0.0,0.0,0.0,2.0,9.0,7.0,8.09,1.5834000000000001,9.0,0.0,0.0,0.0,0.0,0.0,0.0,2.0,9.0,7.0,8.09,1.5834000000000001,9.0,10.32,32.365,22.045,29.49915,4.986579000000002,32.365,0.0,0.0,0.0,0.0,0.0,0.0,0.0,0.5953947,0.5953947,0.07740131100000001,0.13467828114000002,0.0,194.0,225.0,31.0,198.03,7.012200000000001,194.0
Ni0.12Y0.88,Ni0.12 Y0.88,28.0,39.0,11.0,37.68,2.3232,39.0,12.0,61.0,49.0,17.88,10.3488,12.0,58.6934,88.90585,30.212450000000004,85.280356,6.380869440000003,88.90585,1728.0,1799.0,71.0,1790.48,14.995199999999986,1799.0,3.0,10.0,7.0,3.84,1.4783999999999997,3.0,4.0,5.0,1.0,4.880000000000001,0.21119999999999942,5.0,124.0,190.0,66.0,182.07999999999998,13.939200000000012,190.0,1.22,1.91,0.69,1.3028,0.14572799999999997,1.22,2.0,2.0,0.0,2.0,0.0,2.0,0.0,0.0,0.0,0.0,0.0,0.0,1.0,8.0,7.0,1.8399999999999999,1.4783999999999997,1.0,0.0,0.0,0.0,0.0,0.0,0.0,3.0,10.0,7.0,3.84,1.4783999999999997,3.0,0.0,0.0,0.0,0.0,0.0,0.0,0.0,0.0,0.0,0.0,0.0,0.0,2.0,9.0,7.0,8.16,1.4783999999999997,9.0,0.0,0.0,0.0,0.0,0.0,0.0,2.0,9.0,7.0,8.16,1.4783999999999997,9.0,10.32,32.365,22.045,29.7196,4.655904000000001,32.365,0.0,0.0,0.0,0.0,0.0,0.0,0.0,0.5953947,0.5953947,0.071447364,0.12574736064000003,0.0,194.0,225.0,31.0,197.72,6.547199999999999,194.0
Ni0.11Y0.89,Ni0.11 Y0.89,28.0,39.0,11.0,37.79,2.153800000000001,39.0,12.0,61.0,49.0,17.39,9.5942,12.0,58.6934,88.90585,30.212450000000004,85.58248049999999,5.915597710000011,88.90585,1728.0,1799.0,71.0,1791.19,13.901799999999959,1799.0,3.0,10.0,7.0,3.77,1.3706,3.0,4.0,5.0,1.0,4.890000000000001,0.19579999999999956,5.0,124.0,190.0,66.0,182.74,12.922799999999993,190.0,1.22,1.91,0.69,1.2959,0.13510200000000006,1.22,2.0,2.0,0.0,2.0,0.0,2.0,0.0,0.0,0.0,0.0,0.0,0.0,1.0,8.0,7.0,1.77,1.3706,1.0,0.0,0.0,0.0,0.0,0.0,0.0,3.0,10.0,7.0,3.77,1.3706,3.0,0.0,0.0,0.0,0.0,0.0,0.0,0.0,0.0,0.0,0.0,0.0,0.0,2.0,9.0,7.0,8.23,1.3705999999999996,9.0,0.0,0.0,0.0,0.0,0.0,0.0,2.0,9.0,7.0,8.23,1.3705999999999996,9.0,10.32,32.365,22.045,29.940050000000003,4.3164109999999996,32.365,0.0,0.0,0.0,0.0,0.0,0.0,0.0,0.5953947,0.5953947,0.06549341700000001,0.11657828226000003,0.0,194.0,225.0,31.0,197.41,6.069799999999997,194.0
Ni0.10Y0.90,Ni0.1 Y0.9,28.0,39.0,11.0,37.9,1.9800000000000013,39.0,12.0,61.0,49.0,16.900000000000002,8.82,12.0,58.6934,88.90585,30.212450000000004,85.884605,5.438241000000007,88.90585,1728.0,1799.0,71.0,1791.9,12.779999999999927,1799.0,3.0,10.0,7.0,3.7,1.2600000000000002,3.0,4.0,5.0,1.0,4.9,0.17999999999999972,5.0,124.0,190.0,66.0,183.4,11.879999999999995,190.0,1.22,1.91,0.69,1.2890000000000001,0.12420000000000014,1.22,2.0,2.0,0.0,2.0,0.0,2.0,0.0,0.0,0.0,0.0,0.0,0.0,1.0,8.0,7.0,1.7000000000000002,1.2600000000000002,1.0,0.0,0.0,0.0,0.0,0.0,0.0,3.0,10.0,7.0,3.7,1.2600000000000002,3.0,0.0,0.0,0.0,0.0,0.0,0.0,0.0,0.0,0.0,0.0,0.0,0.0,2.0,9.0,7.0,8.299999999999999,1.260000000000001,9.0,0.0,0.0,0.0,0.0,0.0,0.0,2.0,9.0,7.0,8.299999999999999,1.260000000000001,9.0,10.32,32.365,22.045,30.160500000000003,3.9680999999999997,32.365,0.0,0.0,0.0,0.0,0.0,0.0,0.0,0.5953947,0.5953947,0.05953947000000001,0.10717104600000002,0.0,194.0,225.0,31.0,197.1,5.5799999999999965,194.0
Ni0.09Y0.91,Ni0.09 Y0.91,28.0,39.0,11.0,38.010000000000005,1.8017999999999958,39.0,12.0,61.0,49.0,16.41,8.026200000000001,12.0,58.6934,88.90585,30.212450000000004,86.1867295,4.948799310000002,88.90585,1728.0,1799.0,71.0,1792.6100000000001,11.629799999999896,1799.0,3.0,10.0,7.0,3.63,1.1465999999999998,3.0,4.0,5.0,1.0,4.91,0.1637999999999999,5.0,124.0,190.0,66.0,184.06,10.810799999999999,190.0,1.22,1.91,0.69,1.2821,0.11302200000000004,1.22,2.0,2.0,0.0,2.0,0.0,2.0,0.0,0.0,0.0,0.0,0.0,0.0,1.0,8.0,7.0,1.63,1.1465999999999998,1.0,0.0,0.0,0.0,0.0,0.0,0.0,3.0,10.0,7.0,3.63,1.1465999999999998,3.0,0.0,0.0,0.0,0.0,0.0,0.0,0.0,0.0,0.0,0.0,0.0,0.0,2.0,9.0,7.0,8.37,1.1466000000000007,9.0,0.0,0.0,0.0,0.0,0.0,0.0,2.0,9.0,7.0,8.37,1.1466000000000007,9.0,10.32,32.365,22.045,30.380950000000002,3.610971,32.365,0.0,0.0,0.0,0.0,0.0,0.0,0.0,0.5953947,0.5953947,0.053585523,0.09752565186,0.0,194.0,225.0,31.0,196.79,5.077799999999994,194.0
Ni0.08Y0.92,Ni0.08 Y0.92,28.0,39.0,11.0,38.120000000000005,1.6191999999999962,39.0,12.0,61.0,49.0,15.920000000000002,7.212800000000001,12.0,58.6934,88.90585,30.212450000000004,86.488854,4.447272639999998,88.90585,1728.0,1799.0,71.0,1793.3200000000002,10.451199999999863,1799.0,3.0,10.0,7.0,3.5600000000000005,1.0304000000000004,3.0,4.0,5.0,1.0,4.920000000000001,0.14719999999999933,5.0,124.0,190.0,66.0,184.72,9.715200000000001,190.0,1.22,1.91,0.69,1.2752000000000001,0.10156800000000012,1.22,2.0,2.0,0.0,2.0,0.0,2.0,0.0,0.0,0.0,0.0,0.0,0.0,1.0,8.0,7.0,1.56,1.0304000000000002,1.0,0.0,0.0,0.0,0.0,0.0,0.0,3.0,10.0,7.0,3.5600000000000005,1.0304000000000004,3.0,0.0,0.0,0.0,0.0,0.0,0.0,0.0,0.0,0.0,0.0,0.0,0.0,2.0,9.0,7.0,8.440000000000001,1.0303999999999989,9.0,0.0,0.0,0.0,0.0,0.0,0.0,2.0,9.0,7.0,8.440000000000001,1.0303999999999989,9.0,10.32,32.365,22.045,30.601400000000005,3.2450239999999972,32.365,0.0,0.0,0.0,0.0,0.0,0.0,0.0,0.5953947,0.5953947,0.04763157600000001,0.08764209984000002,0.0,194.0,225.0,31.0,196.48000000000002,4.563200000000016,194.0
Ni0.07Y0.93,Ni0.07 Y0.93,28.0,39.0,11.0,38.230000000000004,1.4321999999999966,39.0,12.0,61.0,49.0,15.43,6.3797999999999995,12.0,58.6934,88.90585,30.212450000000004,86.7909785,3.933660990000006,88.90585,1728.0,1799.0,71.0,1794.0300000000002,9.244199999999829,1799.0,3.0,10.0,7.0,3.49,0.9114000000000002,3.0,4.0,5.0,1.0,4.930000000000001,0.13019999999999948,5.0,124.0,190.0,66.0,185.38000000000002,8.593199999999982,190.0,1.22,1.91,0.69,1.2683,0.08983800000000002,1.22,2.0,2.0,0.0,2.0,0.0,2.0,0.0,0.0,0.0,0.0,0.0,0.0,1.0,8.0,7.0,1.4900000000000002,0.9114000000000002,1.0,0.0,0.0,0.0,0.0,0.0,0.0,3.0,10.0,7.0,3.49,0.9114000000000002,3.0,0.0,0.0,0.0,0.0,0.0,0.0,0.0,0.0,0.0,0.0,0.0,0.0,2.0,9.0,7.0,8.510000000000002,0.9113999999999987,9.0,0.0,0.0,0.0,0.0,0.0,0.0,2.0,9.0,7.0,8.510000000000002,0.9113999999999987,9.0,10.32,32.365,22.045,30.821850000000005,2.870258999999998,32.365,0.0,0.0,0.0,0.0,0.0,0.0,0.0,0.5953947,0.5953947,0.04167762900000001,0.07752038994000002,0.0,194.0,225.0,31.0,196.17000000000002,4.036200000000014,194.0
Ni0.06Y0.94,Ni0.06 Y0.94,28.0,39.0,11.0,38.339999999999996,1.2408000000000032,39.0,12.0,61.0,49.0,14.94,5.527199999999999,12.0,58.6934,88.90585,30.212450000000004,87.093103,3.4079643600000016,88.90585,1728.0,1799.0,71.0,1794.74,8.008799999999992,1799.0,3.0,10.0,7.0,3.42,0.7895999999999999,3.0,4.0,5.0,1.0,4.9399999999999995,0.11280000000000043,5.0,124.0,190.0,66.0,186.04,7.444800000000007,190.0,1.22,1.91,0.69,1.2613999999999999,0.07783199999999989,1.22,2.0,2.0,0.0,2.0,0.0,2.0,0.0,0.0,0.0,0.0,0.0,0.0,1.0,8.0,7.0,1.42,0.7895999999999999,1.0,0.0,0.0,0.0,0.0,0.0,0.0,3.0,10.0,7.0,3.42,0.7895999999999999,3.0,0.0,0.0,0.0,0.0,0.0,0.0,0.0,0.0,0.0,0.0,0.0,0.0,2.0,9.0,7.0,8.579999999999998,0.7896000000000014,9.0,0.0,0.0,0.0,0.0,0.0,0.0,2.0,9.0,7.0,8.579999999999998,0.7896000000000014,9.0,10.32,32.365,22.045,31.0423,2.486676000000001,32.365,0.0,0.0,0.0,0.0,0.0,0.0,0.0,0.5953947,0.5953947,0.035723682,0.06716052216000001,0.0,194.0,225.0,31.0,195.85999999999999,3.496799999999987,194.0
Ni0.05Y0.95,Ni0.05 Y0.95,28.0,39.0,11.0,38.449999999999996,1.045000000000004,39.0,12.0,61.0,49.0,14.45,4.654999999999999,12.0,58.6934,88.90585,30.212450000000004,87.39522749999999,2.8701827500000103,88.90585,1728.0,1799.0,71.0,1795.45,6.744999999999958,1799.0,3.0,10.0,7.0,3.3499999999999996,0.6649999999999996,3.0,4.0,5.0,1.0,4.95,0.09499999999999983,5.0,124.0,190.0,66.0,186.7,6.27000000000001,190.0,1.22,1.91,0.69,1.2545,0.06554999999999997,1.22,2.0,2.0,0.0,2.0,0.0,2.0,0.0,0.0,0.0,0.0,0.0,0.0,1.0,8.0,7.0,1.35,0.665,1.0,0.0,0.0,0.0,0.0,0.0,0.0,3.0,10.0,7.0,3.3499999999999996,0.6649999999999996,3.0,0.0,0.0,0.0,0.0,0.0,0.0,0.0,0.0,0.0,0.0,0.0,0.0,2.0,9.0,7.0,8.649999999999999,0.6650000000000014,9.0,0.0,0.0,0.0,0.0,0.0,0.0,2.0,9.0,7.0,8.649999999999999,0.6650000000000014,9.0,10.32,32.365,22.045,31.262749999999997,2.0942750000000045,32.365,0.0,0.0,0.0,0.0,0.0,0.0,0.0,0.5953947,0.5953947,0.029769735000000005,0.056562496500000004,0.0,194.0,225.0,31.0,195.54999999999998,2.9449999999999847,194.0
Ni0.04Y0.96,Ni0.04 Y0.96,28.0,39.0,11.0,38.559999999999995,0.8448000000000044,39.0,12.0,61.0,49.0,13.959999999999999,3.763199999999999,12.0,58.6934,88.90585,30.212450000000004,87.697352,2.3203161600000053,88.90585,1728.0,1799.0,71.0,1796.1599999999999,5.452800000000133,1799.0,3.0,10.0,7.0,3.28,0.5375999999999999,3.0,4.0,5.0,1.0,4.96,0.07680000000000003,5.0,124.0,190.0,66.0,187.36,5.068799999999987,190.0,1.22,1.91,0.69,1.2476,0.05299200000000006,1.22,2.0,2.0,0.0,2.0,0.0,2.0,0.0,0.0,0.0,0.0,0.0,0.0,1.0,8.0,7.0,1.28,0.5376000000000001,1.0,0.0,0.0,0.0,0.0,0.0,0.0,3.0,10.0,7.0,3.28,0.5375999999999999,3.0,0.0,0.0,0.0,0.0,0.0,0.0,0.0,0.0,0.0,0.0,0.0,0.0,2.0,9.0,7.0,8.72,0.5375999999999994,9.0,0.0,0.0,0.0,0.0,0.0,0.0,2.0,9.0,7.0,8.72,0.5375999999999994,9.0,10.32,32.365,22.045,31.4832,1.693056000000002,32.365,0.0,0.0,0.0,0.0,0.0,0.0,0.0,0.5953947,0.5953947,0.023815788000000004,0.04572631296000001,0.0,194.0,225.0,31.0,195.23999999999998,2.380799999999982,194.0
Ni0.03Y0.97,Ni0.03 Y0.97,28.0,39.0,11.0,38.67,0.6401999999999983,39.0,12.0,61.0,49.0,13.47,2.851800000000001,12.0,58.6934,88.90585,30.212450000000004,87.9994765,1.758364590000001,88.90585,1728.0,1799.0,71.0,1796.87,4.132200000000102,1799.0,3.0,10.0,7.0,3.21,0.4074,3.0,4.0,5.0,1.0,4.97,0.05820000000000023,5.0,124.0,190.0,66.0,188.01999999999998,3.841200000000017,190.0,1.22,1.91,0.69,1.2407,0.040157999999999944,1.22,2.0,2.0,0.0,2.0,0.0,2.0,0.0,0.0,0.0,0.0,0.0,0.0,1.0,8.0,7.0,1.21,0.4074,1.0,0.0,0.0,0.0,0.0,0.0,0.0,3.0,10.0,7.0,3.21,0.4074,3.0,0.0,0.0,0.0,0.0,0.0,0.0,0.0,0.0,0.0,0.0,0.0,0.0,2.0,9.0,7.0,8.790000000000001,0.4073999999999991,9.0,0.0,0.0,0.0,0.0,0.0,0.0,2.0,9.0,7.0,8.790000000000001,0.4073999999999991,9.0,10.32,32.365,22.045,31.70365,1.2830190000000021,32.365,0.0,0.0,0.0,0.0,0.0,0.0,0.0,0.5953947,0.5953947,0.017861841,0.03465197154,0.0,194.0,225.0,31.0,194.93,1.8042000000000065,194.0
Ni0.02Y0.98,Ni0.02 Y0.98,28.0,39.0,11.0,38.78,0.4311999999999989,39.0,12.0,61.0,49.0,12.98,1.9208000000000003,12.0,58.6934,88.90585,30.212450000000004,88.301601,1.184328039999996,88.90585,1728.0,1799.0,71.0,1797.58,2.78320000000007,1799.0,3.0,10.0,7.0,3.14,0.2744000000000001,3.0,4.0,5.0,1.0,4.98,0.039199999999999596,5.0,124.0,190.0,66.0,188.67999999999998,2.5872000000000206,190.0,1.22,1.91,0.69,1.2338,0.02704800000000003,1.22,2.0,2.0,0.0,2.0,0.0,2.0,0.0,0.0,0.0,0.0,0.0,0.0,1.0,8.0,7.0,1.14,0.2743999999999999,1.0,0.0,0.0,0.0,0.0,0.0,0.0,3.0,10.0,7.0,3.14,0.2744000000000001,3.0,0.0,0.0,0.0,0.0,0.0,0.0,0.0,0.0,0.0,0.0,0.0,0.0,2.0,9.0,7.0,8.86,0.27440000000000053,9.0,0.0,0.0,0.0,0.0,0.0,0.0,2.0,9.0,7.0,8.86,0.27440000000000053,9.0,10.32,32.365,22.045,31.9241,0.8641640000000026,32.365,0.0,0.0,0.0,0.0,0.0,0.0,0.0,0.5953947,0.5953947,0.011907894000000002,0.023339472240000003,0.0,194.0,225.0,31.0,194.62,1.2152000000000043,194.0
Ni0.01Y0.99,Ni0.01 Y0.99,28.0,39.0,11.0,38.89,0.21779999999999944,39.0,12.0,61.0,49.0,12.489999999999998,0.9701999999999985,12.0,58.6934,88.90585,30.212450000000004,88.6037255,0.5982065100000049,88.90585,1728.0,1799.0,71.0,1798.29,1.4058000000000357,1799.0,3.0,10.0,7.0,3.07,0.13859999999999983,3.0,4.0,5.0,1.0,4.99,0.01979999999999979,5.0,124.0,190.0,66.0,189.34,1.3067999999999969,190.0,1.22,1.91,0.69,1.2268999999999999,0.013661999999999907,1.22,2.0,2.0,0.0,2.0,0.0,2.0,0.0,0.0,0.0,0.0,0.0,0.0,1.0,8.0,7.0,1.07,0.13860000000000006,1.0,0.0,0.0,0.0,0.0,0.0,0.0,3.0,10.0,7.0,3.07,0.13859999999999983,3.0,0.0,0.0,0.0,0.0,0.0,0.0,0.0,0.0,0.0,0.0,0.0,0.0,2.0,9.0,7.0,8.93,0.13860000000000028,9.0,0.0,0.0,0.0,0.0,0.0,0.0,2.0,9.0,7.0,8.93,0.13860000000000028,9.0,10.32,32.365,22.045,32.14455,0.43649099999999963,32.365,0.0,0.0,0.0,0.0,0.0,0.0,0.0,0.5953947,0.5953947,0.005953947000000001,0.011788815060000003,0.0,194.0,225.0,31.0,194.31,0.6138000000000022,194.0
